-- SQLINES LICENSE FOR EVALUATION USE ONLY
INSERT INTO state (state_id, state_name, state_code) VALUES (1, 'Alabama', 'AL');
-- SQLINES LICENSE FOR EVALUATION USE ONLY
INSERT INTO state (state_id, state_name, state_code) VALUES (2, 'Alaska', 'AK');
-- SQLINES LICENSE FOR EVALUATION USE ONLY
INSERT INTO state (state_id, state_name, state_code) VALUES (3, 'Arizona', 'AZ');
-- SQLINES LICENSE FOR EVALUATION USE ONLY
INSERT INTO state (state_id, state_name, state_code) VALUES (4, 'Arkansas', 'AR');
-- SQLINES LICENSE FOR EVALUATION USE ONLY
INSERT INTO state (state_id, state_name, state_code) VALUES (5, 'California', 'CA');
-- SQLINES LICENSE FOR EVALUATION USE ONLY
INSERT INTO state (state_id, state_name, state_code) VALUES (6, 'Colorado', 'CO');
-- SQLINES LICENSE FOR EVALUATION USE ONLY
INSERT INTO state (state_id, state_name, state_code) VALUES (7, 'Connecticut', 'CT');
-- SQLINES LICENSE FOR EVALUATION USE ONLY
INSERT INTO state (state_id, state_name, state_code) VALUES (8, 'Delaware', 'DE');
-- SQLINES LICENSE FOR EVALUATION USE ONLY
INSERT INTO state (state_id, state_name, state_code) VALUES (9, 'Florida', 'FL');
-- SQLINES LICENSE FOR EVALUATION USE ONLY
INSERT INTO state (state_id, state_name, state_code) VALUES (10, 'Georgia', 'GA');
-- SQLINES LICENSE FOR EVALUATION USE ONLY
INSERT INTO state (state_id, state_name, state_code) VALUES (11, 'Hawaii', 'HI');
-- SQLINES LICENSE FOR EVALUATION USE ONLY
INSERT INTO state (state_id, state_name, state_code) VALUES (12, 'Idaho', 'ID');
-- SQLINES LICENSE FOR EVALUATION USE ONLY
INSERT INTO state (state_id, state_name, state_code) VALUES (13, 'Illinois', 'IL');
-- SQLINES LICENSE FOR EVALUATION USE ONLY
INSERT INTO state (state_id, state_name, state_code) VALUES (14, 'Indiana', 'IN');
-- SQLINES LICENSE FOR EVALUATION USE ONLY
INSERT INTO state (state_id, state_name, state_code) VALUES (15, 'Iowa', 'IA');
-- SQLINES LICENSE FOR EVALUATION USE ONLY
INSERT INTO state (state_id, state_name, state_code) VALUES (16, 'Kansas', 'KS');
-- SQLINES LICENSE FOR EVALUATION USE ONLY
INSERT INTO state (state_id, state_name, state_code) VALUES (17, 'Kentucky', 'KY');
-- SQLINES LICENSE FOR EVALUATION USE ONLY
INSERT INTO state (state_id, state_name, state_code) VALUES (18, 'Louisiana', 'LA');
-- SQLINES LICENSE FOR EVALUATION USE ONLY
INSERT INTO state (state_id, state_name, state_code) VALUES (19, 'Maine', 'ME');
-- SQLINES LICENSE FOR EVALUATION USE ONLY
INSERT INTO state (state_id, state_name, state_code) VALUES (20, 'Maryland', 'MD');
-- SQLINES LICENSE FOR EVALUATION USE ONLY
INSERT INTO state (state_id, state_name, state_code) VALUES (21, 'Massachusetts', 'MA');
-- SQLINES LICENSE FOR EVALUATION USE ONLY
INSERT INTO state (state_id, state_name, state_code) VALUES (22, 'Michigan', 'MI');
-- SQLINES LICENSE FOR EVALUATION USE ONLY
INSERT INTO state (state_id, state_name, state_code) VALUES (23, 'Minnesota', 'MN');
-- SQLINES LICENSE FOR EVALUATION USE ONLY
INSERT INTO state (state_id, state_name, state_code) VALUES (24, 'Mississippi', 'MS');
-- SQLINES LICENSE FOR EVALUATION USE ONLY
INSERT INTO state (state_id, state_name, state_code) VALUES (25, 'Missouri', 'MO');
-- SQLINES LICENSE FOR EVALUATION USE ONLY
INSERT INTO state (state_id, state_name, state_code) VALUES (26, 'Montana', 'MT');
-- SQLINES LICENSE FOR EVALUATION USE ONLY
INSERT INTO state (state_id, state_name, state_code) VALUES (27, 'Nebraska', 'NE');
-- SQLINES LICENSE FOR EVALUATION USE ONLY
INSERT INTO state (state_id, state_name, state_code) VALUES (28, 'Nevada', 'NV');
-- SQLINES LICENSE FOR EVALUATION USE ONLY
INSERT INTO state (state_id, state_name, state_code) VALUES (29, 'New Hampshire', 'NH');
-- SQLINES LICENSE FOR EVALUATION USE ONLY
INSERT INTO state (state_id, state_name, state_code) VALUES (30, 'New Jersey', 'NJ');
-- SQLINES LICENSE FOR EVALUATION USE ONLY
INSERT INTO state (state_id, state_name, state_code) VALUES (31, 'New Mexico', 'NM');
-- SQLINES LICENSE FOR EVALUATION USE ONLY
INSERT INTO state (state_id, state_name, state_code) VALUES (32, 'New York', 'NY');
-- SQLINES LICENSE FOR EVALUATION USE ONLY
INSERT INTO state (state_id, state_name, state_code) VALUES (33, 'North Carolina', 'NC');
-- SQLINES LICENSE FOR EVALUATION USE ONLY
INSERT INTO state (state_id, state_name, state_code) VALUES (34, 'North Dakota', 'ND');
-- SQLINES LICENSE FOR EVALUATION USE ONLY
INSERT INTO state (state_id, state_name, state_code) VALUES (35, 'Ohio', 'OH');
-- SQLINES LICENSE FOR EVALUATION USE ONLY
INSERT INTO state (state_id, state_name, state_code) VALUES (36, 'Oklahoma', 'OK');
-- SQLINES LICENSE FOR EVALUATION USE ONLY
INSERT INTO state (state_id, state_name, state_code) VALUES (37, 'Oregon', 'OR');
-- SQLINES LICENSE FOR EVALUATION USE ONLY
INSERT INTO state (state_id, state_name, state_code) VALUES (38, 'Pennsylvania', 'PA');
-- SQLINES LICENSE FOR EVALUATION USE ONLY
INSERT INTO state (state_id, state_name, state_code) VALUES (39, 'Rhode Island', 'RI');
-- SQLINES LICENSE FOR EVALUATION USE ONLY
INSERT INTO state (state_id, state_name, state_code) VALUES (40, 'South Carolina', 'SC');
-- SQLINES LICENSE FOR EVALUATION USE ONLY
INSERT INTO state (state_id, state_name, state_code) VALUES (41, 'South Dakota', 'SD');
-- SQLINES LICENSE FOR EVALUATION USE ONLY
INSERT INTO state (state_id, state_name, state_code) VALUES (42, 'Tennessee', 'TN');
-- SQLINES LICENSE FOR EVALUATION USE ONLY
INSERT INTO state (state_id, state_name, state_code) VALUES (43, 'Texas', 'TX');
-- SQLINES LICENSE FOR EVALUATION USE ONLY
INSERT INTO state (state_id, state_name, state_code) VALUES (44, 'Utah', 'UT');
-- SQLINES LICENSE FOR EVALUATION USE ONLY
INSERT INTO state (state_id, state_name, state_code) VALUES (45, 'Vermont', 'VT');
-- SQLINES LICENSE FOR EVALUATION USE ONLY
INSERT INTO state (state_id, state_name, state_code) VALUES (46, 'Virginia', 'VA');
-- SQLINES LICENSE FOR EVALUATION USE ONLY
INSERT INTO state (state_id, state_name, state_code) VALUES (47, 'Washington', 'WA');
-- SQLINES LICENSE FOR EVALUATION USE ONLY
INSERT INTO state (state_id, state_name, state_code) VALUES (48, 'West Virginia', 'WV');
-- SQLINES LICENSE FOR EVALUATION USE ONLY
INSERT INTO state (state_id, state_name, state_code) VALUES (49, 'Wisconsin', 'WI');
-- SQLINES LICENSE FOR EVALUATION USE ONLY
INSERT INTO state (state_id, state_name, state_code) VALUES (50, 'Wyoming', 'WY');


-- SQLINES LICENSE FOR EVALUATION USE ONLY
INSERT INTO city (city_id, city_name, city_code) VALUES (1, 'Montgomery', 'MGM');
-- SQLINES LICENSE FOR EVALUATION USE ONLY
INSERT INTO city (city_id, city_name, city_code) VALUES (2, 'Birmingham', 'BHM');
-- SQLINES LICENSE FOR EVALUATION USE ONLY
INSERT INTO city (city_id, city_name, city_code) VALUES (3, 'Juneau', 'JNU');
-- SQLINES LICENSE FOR EVALUATION USE ONLY
INSERT INTO city (city_id, city_name, city_code) VALUES (4, 'Anchorage', 'ANC');
-- SQLINES LICENSE FOR EVALUATION USE ONLY
INSERT INTO city (city_id, city_name, city_code) VALUES (5, 'Phoenix', 'PHX');
-- SQLINES LICENSE FOR EVALUATION USE ONLY
INSERT INTO city (city_id, city_name, city_code) VALUES (6, 'Tucson', 'TUS');
-- SQLINES LICENSE FOR EVALUATION USE ONLY
INSERT INTO city (city_id, city_name, city_code) VALUES (7, 'Little Rock', 'LIT');
-- SQLINES LICENSE FOR EVALUATION USE ONLY
INSERT INTO city (city_id, city_name, city_code) VALUES (8, 'Fort Smith', 'FSM');
-- SQLINES LICENSE FOR EVALUATION USE ONLY
INSERT INTO city (city_id, city_name, city_code) VALUES (9, 'Sacramento', 'SAC');
-- SQLINES LICENSE FOR EVALUATION USE ONLY
INSERT INTO city (city_id, city_name, city_code) VALUES (10, 'Los Angeles', 'LAX');
-- SQLINES LICENSE FOR EVALUATION USE ONLY
INSERT INTO city (city_id, city_name, city_code) VALUES (11, 'Denver', 'DEN');
-- SQLINES LICENSE FOR EVALUATION USE ONLY
INSERT INTO city (city_id, city_name, city_code) VALUES (12, 'Colorado Springs', 'COS');
-- SQLINES LICENSE FOR EVALUATION USE ONLY
INSERT INTO city (city_id, city_name, city_code) VALUES (13, 'Hartford', 'HFD');
-- SQLINES LICENSE FOR EVALUATION USE ONLY
INSERT INTO city (city_id, city_name, city_code) VALUES (14, 'Bridgeport', 'BDR');
-- SQLINES LICENSE FOR EVALUATION USE ONLY
INSERT INTO city (city_id, city_name, city_code) VALUES (15, 'Dover', 'DOV');
-- SQLINES LICENSE FOR EVALUATION USE ONLY
INSERT INTO city (city_id, city_name, city_code) VALUES (16, 'Wilmington', 'ILG');
-- SQLINES LICENSE FOR EVALUATION USE ONLY
INSERT INTO city (city_id, city_name, city_code) VALUES (17, 'Tallahassee', 'TLH');
-- SQLINES LICENSE FOR EVALUATION USE ONLY
INSERT INTO city (city_id, city_name, city_code) VALUES (18, 'Jacksonville', 'JAX');
-- SQLINES LICENSE FOR EVALUATION USE ONLY
INSERT INTO city (city_id, city_name, city_code) VALUES (19, 'Atlanta', 'ATL');
-- SQLINES LICENSE FOR EVALUATION USE ONLY
INSERT INTO city (city_id, city_name, city_code) VALUES (20, 'Savannah', 'SAV');
-- SQLINES LICENSE FOR EVALUATION USE ONLY
INSERT INTO city (city_id, city_name, city_code) VALUES (21, 'Honolulu', 'HNL');
-- SQLINES LICENSE FOR EVALUATION USE ONLY
INSERT INTO city (city_id, city_name, city_code) VALUES (22, 'Hilo', 'ITO');
-- SQLINES LICENSE FOR EVALUATION USE ONLY
INSERT INTO city (city_id, city_name, city_code) VALUES (23, 'Boise', 'BOI');
-- SQLINES LICENSE FOR EVALUATION USE ONLY
INSERT INTO city (city_id, city_name, city_code) VALUES (24, 'Meridian', 'IDM');
-- SQLINES LICENSE FOR EVALUATION USE ONLY
INSERT INTO city (city_id, city_name, city_code) VALUES (25, 'Springfield', 'SPI');
-- SQLINES LICENSE FOR EVALUATION USE ONLY
INSERT INTO city (city_id, city_name, city_code) VALUES (26, 'Chicago', 'CHI');
-- SQLINES LICENSE FOR EVALUATION USE ONLY
INSERT INTO city (city_id, city_name, city_code) VALUES (27, 'Indianapolis', 'IND');
-- SQLINES LICENSE FOR EVALUATION USE ONLY
INSERT INTO city (city_id, city_name, city_code) VALUES (28, 'Fort Wayne', 'FWA');
-- SQLINES LICENSE FOR EVALUATION USE ONLY
INSERT INTO city (city_id, city_name, city_code) VALUES (29, 'Des Moines', 'DSM');
-- SQLINES LICENSE FOR EVALUATION USE ONLY
INSERT INTO city (city_id, city_name, city_code) VALUES (30, 'Cedar Rapids', 'CID');
-- SQLINES LICENSE FOR EVALUATION USE ONLY
INSERT INTO city (city_id, city_name, city_code) VALUES (31, 'Wichita', 'ICT');
-- SQLINES LICENSE FOR EVALUATION USE ONLY
INSERT INTO city (city_id, city_name, city_code) VALUES (32, 'Overland Park', 'OPK');
-- SQLINES LICENSE FOR EVALUATION USE ONLY
INSERT INTO city (city_id, city_name, city_code) VALUES (33, 'Louisville', 'SDF');
-- SQLINES LICENSE FOR EVALUATION USE ONLY
INSERT INTO city (city_id, city_name, city_code) VALUES (34, 'Lexington', 'LEX');
-- SQLINES LICENSE FOR EVALUATION USE ONLY
INSERT INTO city (city_id, city_name, city_code) VALUES (35, 'New Orleans', 'MSY');
-- SQLINES LICENSE FOR EVALUATION USE ONLY
INSERT INTO city (city_id, city_name, city_code) VALUES (36, 'Baton Rouge', 'BTR');
-- SQLINES LICENSE FOR EVALUATION USE ONLY
INSERT INTO city (city_id, city_name, city_code) VALUES (37, 'Portland', 'PDX');
-- SQLINES LICENSE FOR EVALUATION USE ONLY
INSERT INTO city (city_id, city_name, city_code) VALUES (38, 'Salem', 'SLE');
-- SQLINES LICENSE FOR EVALUATION USE ONLY
INSERT INTO city (city_id, city_name, city_code) VALUES (39, 'Annapolis', 'ANP');
-- SQLINES LICENSE FOR EVALUATION USE ONLY
INSERT INTO city (city_id, city_name, city_code) VALUES (40, 'Baltimore', 'BWI');
-- SQLINES LICENSE FOR EVALUATION USE ONLY
INSERT INTO city (city_id, city_name, city_code) VALUES (41, 'Boston', 'BOS');
-- SQLINES LICENSE FOR EVALUATION USE ONLY
INSERT INTO city (city_id, city_name, city_code) VALUES (42, 'Worcester', 'ORH');
-- SQLINES LICENSE FOR EVALUATION USE ONLY
INSERT INTO city (city_id, city_name, city_code) VALUES (43, 'Lansing', 'LAN');
-- SQLINES LICENSE FOR EVALUATION USE ONLY
INSERT INTO city (city_id, city_name, city_code) VALUES (44, 'Detroit', 'DTW');
-- SQLINES LICENSE FOR EVALUATION USE ONLY
INSERT INTO city (city_id, city_name, city_code) VALUES (45, 'Minneapolis', 'MSP');
-- SQLINES LICENSE FOR EVALUATION USE ONLY
INSERT INTO city (city_id, city_name, city_code) VALUES (46, 'St. Paul', 'STP');
-- SQLINES LICENSE FOR EVALUATION USE ONLY
INSERT INTO city (city_id, city_name, city_code) VALUES (47, 'Jackson', 'JAN');
-- SQLINES LICENSE FOR EVALUATION USE ONLY
INSERT INTO city (city_id, city_name, city_code) VALUES (48, 'Gulfport', 'GPT');
-- SQLINES LICENSE FOR EVALUATION USE ONLY
INSERT INTO city (city_id, city_name, city_code) VALUES (49, 'Kansas City', 'MCI');
-- SQLINES LICENSE FOR EVALUATION USE ONLY
INSERT INTO city (city_id, city_name, city_code) VALUES (50, 'St. Louis', 'STL');
-- SQLINES LICENSE FOR EVALUATION USE ONLY
INSERT INTO city (city_id, city_name, city_code) VALUES (51, 'Billings', 'BIL');
-- SQLINES LICENSE FOR EVALUATION USE ONLY
INSERT INTO city (city_id, city_name, city_code) VALUES (52, 'Missoula', 'MSO');
-- SQLINES LICENSE FOR EVALUATION USE ONLY
INSERT INTO city (city_id, city_name, city_code) VALUES (53, 'Omaha', 'OMA');
-- SQLINES LICENSE FOR EVALUATION USE ONLY
INSERT INTO city (city_id, city_name, city_code) VALUES (54, 'Lincoln', 'LNK');
-- SQLINES LICENSE FOR EVALUATION USE ONLY
INSERT INTO city (city_id, city_name, city_code) VALUES (55, 'Las Vegas', 'LAS');
-- SQLINES LICENSE FOR EVALUATION USE ONLY
INSERT INTO city (city_id, city_name, city_code) VALUES (56, 'Reno', 'RNO');
-- SQLINES LICENSE FOR EVALUATION USE ONLY
INSERT INTO city (city_id, city_name, city_code) VALUES (57, 'Manchester', 'MHT');
-- SQLINES LICENSE FOR EVALUATION USE ONLY
INSERT INTO city (city_id, city_name, city_code) VALUES (58, 'Nashua', 'ASH');
-- SQLINES LICENSE FOR EVALUATION USE ONLY
INSERT INTO city (city_id, city_name, city_code) VALUES (59, 'Newark', 'EWR');
-- SQLINES LICENSE FOR EVALUATION USE ONLY
INSERT INTO city (city_id, city_name, city_code) VALUES (60, 'Jersey City', 'JYC');
-- SQLINES LICENSE FOR EVALUATION USE ONLY
INSERT INTO city (city_id, city_name, city_code) VALUES (61, 'Albuquerque', 'ABQ');
-- SQLINES LICENSE FOR EVALUATION USE ONLY
INSERT INTO city (city_id, city_name, city_code) VALUES (62, 'Santa Fe', 'SAF');
-- SQLINES LICENSE FOR EVALUATION USE ONLY
INSERT INTO city (city_id, city_name, city_code) VALUES (63, 'Albany', 'ALB');
-- SQLINES LICENSE FOR EVALUATION USE ONLY
INSERT INTO city (city_id, city_name, city_code) VALUES (64, 'Buffalo', 'BUF');
-- SQLINES LICENSE FOR EVALUATION USE ONLY
INSERT INTO city (city_id, city_name, city_code) VALUES (65, 'Rochester', 'ROC');
-- SQLINES LICENSE FOR EVALUATION USE ONLY
INSERT INTO city (city_id, city_name, city_code) VALUES (66, 'Charlotte', 'CLT');
-- SQLINES LICENSE FOR EVALUATION USE ONLY
INSERT INTO city (city_id, city_name, city_code) VALUES (67, 'Raleigh', 'RDU');
-- SQLINES LICENSE FOR EVALUATION USE ONLY
INSERT INTO city (city_id, city_name, city_code) VALUES (68, 'Bismarck', 'BIS');
-- SQLINES LICENSE FOR EVALUATION USE ONLY
INSERT INTO city (city_id, city_name, city_code) VALUES (69, 'Fargo', 'FAR');
-- SQLINES LICENSE FOR EVALUATION USE ONLY
INSERT INTO city (city_id, city_name, city_code) VALUES (70, 'Columbus', 'CMH');
-- SQLINES LICENSE FOR EVALUATION USE ONLY
INSERT INTO city (city_id, city_name, city_code) VALUES (71, 'Cleveland', 'CLE');
-- SQLINES LICENSE FOR EVALUATION USE ONLY
INSERT INTO city (city_id, city_name, city_code) VALUES (72, 'Oklahoma City', 'OKC');
-- SQLINES LICENSE FOR EVALUATION USE ONLY
INSERT INTO city (city_id, city_name, city_code) VALUES (73, 'Tulsa', 'TUL');
-- SQLINES LICENSE FOR EVALUATION USE ONLY
INSERT INTO city (city_id, city_name, city_code) VALUES (74, 'Portland', 'PWM');
-- SQLINES LICENSE FOR EVALUATION USE ONLY
INSERT INTO city (city_id, city_name, city_code) VALUES (75, 'Salem', 'SFO');
-- SQLINES LICENSE FOR EVALUATION USE ONLY
INSERT INTO city (city_id, city_name, city_code) VALUES (76, 'Philadelphia', 'PHL');
-- SQLINES LICENSE FOR EVALUATION USE ONLY
INSERT INTO city (city_id, city_name, city_code) VALUES (77, 'Pittsburgh', 'PIT');
-- SQLINES LICENSE FOR EVALUATION USE ONLY
INSERT INTO city (city_id, city_name, city_code) VALUES (78, 'Providence', 'PVD');
-- SQLINES LICENSE FOR EVALUATION USE ONLY
INSERT INTO city (city_id, city_name, city_code) VALUES (79, 'Columbia', 'CAE');
-- SQLINES LICENSE FOR EVALUATION USE ONLY
INSERT INTO city (city_id, city_name, city_code) VALUES (80, 'Charleston', 'CHS');
-- SQLINES LICENSE FOR EVALUATION USE ONLY
INSERT INTO city (city_id, city_name, city_code) VALUES (81, 'Sioux Falls', 'FSD');
-- SQLINES LICENSE FOR EVALUATION USE ONLY
INSERT INTO city (city_id, city_name, city_code) VALUES (82, 'Rapid City', 'RAP');
-- SQLINES LICENSE FOR EVALUATION USE ONLY
INSERT INTO city (city_id, city_name, city_code) VALUES (83, 'Nashville', 'BNA');
-- SQLINES LICENSE FOR EVALUATION USE ONLY
INSERT INTO city (city_id, city_name, city_code) VALUES (84, 'Memphis', 'MEM');
-- SQLINES LICENSE FOR EVALUATION USE ONLY
INSERT INTO city (city_id, city_name, city_code) VALUES (85, 'Houston', 'IAH');
-- SQLINES LICENSE FOR EVALUATION USE ONLY
INSERT INTO city (city_id, city_name, city_code) VALUES (86, 'Dallas', 'DFW');
-- SQLINES LICENSE FOR EVALUATION USE ONLY
INSERT INTO city (city_id, city_name, city_code) VALUES (87, 'Salt Lake City', 'SLC');
-- SQLINES LICENSE FOR EVALUATION USE ONLY
INSERT INTO city (city_id, city_name, city_code) VALUES (88, 'Provo', 'PVU');
-- SQLINES LICENSE FOR EVALUATION USE ONLY
INSERT INTO city (city_id, city_name, city_code) VALUES (89, 'Burlington', 'BTV');
-- SQLINES LICENSE FOR EVALUATION USE ONLY
INSERT INTO city (city_id, city_name, city_code) VALUES (90, 'Rutland', 'RUT');
-- SQLINES LICENSE FOR EVALUATION USE ONLY
INSERT INTO city (city_id, city_name, city_code) VALUES (91, 'Virginia Beach', 'ORF');
-- SQLINES LICENSE FOR EVALUATION USE ONLY
INSERT INTO city (city_id, city_name, city_code) VALUES (92, 'Norfolk', 'ORF');
-- SQLINES LICENSE FOR EVALUATION USE ONLY
INSERT INTO city (city_id, city_name, city_code) VALUES (93, 'Seattle', 'SEA');
-- SQLINES LICENSE FOR EVALUATION USE ONLY
INSERT INTO city (city_id, city_name, city_code) VALUES (94, 'Spokane', 'GEG');
-- SQLINES LICENSE FOR EVALUATION USE ONLY
INSERT INTO city (city_id, city_name, city_code) VALUES (95, 'Charleston', 'CRW');
-- SQLINES LICENSE FOR EVALUATION USE ONLY
INSERT INTO city (city_id, city_name, city_code) VALUES (96, 'Huntington', 'HTS');
-- SQLINES LICENSE FOR EVALUATION USE ONLY
INSERT INTO city (city_id, city_name, city_code) VALUES (97, 'Milwaukee', 'MKE');
-- SQLINES LICENSE FOR EVALUATION USE ONLY
INSERT INTO city (city_id, city_name, city_code) VALUES (98, 'Madison', 'MSN');
-- SQLINES LICENSE FOR EVALUATION USE ONLY
INSERT INTO city (city_id, city_name, city_code) VALUES (99, 'Cheyenne', 'CYS');
-- SQLINES LICENSE FOR EVALUATION USE ONLY
INSERT INTO city (city_id, city_name, city_code) VALUES (100, 'Casper', 'CPR');


-- SQLINES LICENSE FOR EVALUATION USE ONLY
INSERT INTO address (address_id, street1, street2, state_id, city_id, zip_code)
VALUES (1, '123 Sunset Boulevard', NULL, 1, 2, 90001);

-- SQLINES LICENSE FOR EVALUATION USE ONLY
INSERT INTO address (address_id, street1, street2, state_id, city_id, zip_code)
VALUES (2, '456 Maple Avenue', NULL, 2, 4, 60002);

-- SQLINES LICENSE FOR EVALUATION USE ONLY
INSERT INTO address (address_id, street1, street2, state_id, city_id, zip_code)
VALUES (3, '789 Ocean View Drive', NULL, 3, 6, 85003);

-- SQLINES LICENSE FOR EVALUATION USE ONLY
INSERT INTO address (address_id, street1, street2, state_id, city_id, zip_code)
VALUES (4, '321 Cedar Street', NULL, 4, 8, 70004);

-- SQLINES LICENSE FOR EVALUATION USE ONLY
INSERT INTO address (address_id, street1, street2, state_id, city_id, zip_code)
VALUES (5, '654 Pine Cone Lane', NULL, 5, 10, 40005);

-- SQLINES LICENSE FOR EVALUATION USE ONLY
INSERT INTO address (address_id, street1, street2, state_id, city_id, zip_code)
VALUES (6, '987 Main Street', NULL, 6, 12, 30006);

-- SQLINES LICENSE FOR EVALUATION USE ONLY
INSERT INTO address (address_id, street1, street2, state_id, city_id, zip_code)
VALUES (7, '246 Springfield Avenue', NULL, 7, 14, 45007);

-- SQLINES LICENSE FOR EVALUATION USE ONLY
INSERT INTO address (address_id, street1, street2, state_id, city_id, zip_code)
VALUES (8, '135 Lakeview Terrace', NULL, 8, 16, 55008);

-- SQLINES LICENSE FOR EVALUATION USE ONLY
INSERT INTO address (address_id, street1, street2, state_id, city_id, zip_code)
VALUES (9, '864 Meadow Lane', NULL, 9, 18, 25009);

-- SQLINES LICENSE FOR EVALUATION USE ONLY
INSERT INTO address (address_id, street1, street2, state_id, city_id, zip_code)
VALUES (10, '753 Cherry Blossom Avenue', NULL, 10, 20, 35010);

-- SQLINES LICENSE FOR EVALUATION USE ONLY
INSERT INTO address (address_id, street1, street2, state_id, city_id, zip_code)
VALUES (11, '159 Elm Street', NULL, 11, 22, 45011);

-- SQLINES LICENSE FOR EVALUATION USE ONLY
INSERT INTO address (address_id, street1, street2, state_id, city_id, zip_code)
VALUES (12, '951 Oak Lane', NULL, 12, 24, 55012);

-- SQLINES LICENSE FOR EVALUATION USE ONLY
INSERT INTO address (address_id, street1, street2, state_id, city_id, zip_code)
VALUES (13, '357 Pinehurst Drive', NULL, 13, 26, 65013);

-- SQLINES LICENSE FOR EVALUATION USE ONLY
INSERT INTO address (address_id, street1, street2, state_id, city_id, zip_code)
VALUES (14, '753 Willow Street', NULL, 14, 28, 75014);

-- SQLINES LICENSE FOR EVALUATION USE ONLY
INSERT INTO address (address_id, street1, street2, state_id, city_id, zip_code)
VALUES (15, '258 Birch Avenue', NULL, 15, 30, 85015);

-- SQLINES LICENSE FOR EVALUATION USE ONLY
INSERT INTO address (address_id, street1, street2, state_id, city_id, zip_code)
VALUES (16, '654 Hillside Road', NULL, 16, 32, 95016);

-- SQLINES LICENSE FOR EVALUATION USE ONLY
INSERT INTO address (address_id, street1, street2, state_id, city_id, zip_code)
VALUES (17, '159 Pineapple Expressway', NULL, 17, 34, 15017);

-- SQLINES LICENSE FOR EVALUATION USE ONLY
INSERT INTO address (address_id, street1, street2, state_id, city_id, zip_code)
VALUES (18, '753 Oakmont Street', NULL, 18, 36, 25018);

-- SQLINES LICENSE FOR EVALUATION USE ONLY
INSERT INTO address (address_id, street1, street2, state_id, city_id, zip_code)
VALUES (19, '357 Redwood Drive', NULL, 19, 38, 35019);

-- SQLINES LICENSE FOR EVALUATION USE ONLY
INSERT INTO address (address_id, street1, street2, state_id, city_id, zip_code)
VALUES (20, '951 Magnolia Lane', NULL, 20, 40, 45020);

-- SQLINES LICENSE FOR EVALUATION USE ONLY
INSERT INTO address (address_id, street1, street2, state_id, city_id, zip_code)
VALUES (21, '123 Elmwood Avenue', NULL, 21, 42, 55021);

-- SQLINES LICENSE FOR EVALUATION USE ONLY
INSERT INTO address (address_id, street1, street2, state_id, city_id, zip_code)
VALUES (22, '456 Oakhill Road', NULL, 22, 44, 65022);

-- SQLINES LICENSE FOR EVALUATION USE ONLY
INSERT INTO address (address_id, street1, street2, state_id, city_id, zip_code)
VALUES (23, '789 Cedar Lane', NULL, 23, 46, 75023);

-- SQLINES LICENSE FOR EVALUATION USE ONLY
INSERT INTO address (address_id, street1, street2, state_id, city_id, zip_code)
VALUES (24, '321 Pine Street', NULL, 24, 48, 85024);

-- SQLINES LICENSE FOR EVALUATION USE ONLY
INSERT INTO address (address_id, street1, street2, state_id, city_id, zip_code)
VALUES (25, '654 Willow Avenue', NULL, 25, 50, 95025);

-- SQLINES LICENSE FOR EVALUATION USE ONLY
INSERT INTO address (address_id, street1, street2, state_id, city_id, zip_code)
VALUES (26, '987 Birch Lane', NULL, 26, 52, 15026);

-- SQLINES LICENSE FOR EVALUATION USE ONLY
INSERT INTO address (address_id, street1, street2, state_id, city_id, zip_code)
VALUES (27, '246 Hillside Drive', NULL, 27, 54, 25027);

-- SQLINES LICENSE FOR EVALUATION USE ONLY
INSERT INTO address (address_id, street1, street2, state_id, city_id, zip_code)
VALUES (28, '135 Pineapple Street', NULL, 28, 56, 35028);

-- SQLINES LICENSE FOR EVALUATION USE ONLY
INSERT INTO address (address_id, street1, street2, state_id, city_id, zip_code)
VALUES (29, '864 Oakmont Avenue', NULL, 29, 58, 45029);

-- SQLINES LICENSE FOR EVALUATION USE ONLY
INSERT INTO address (address_id, street1, street2, state_id, city_id, zip_code)
VALUES (30, '753 Redwood Road', NULL, 30, 60, 55030);


-- SQLINES LICENSE FOR EVALUATION USE ONLY
INSERT INTO hospital_type (hospital_type_id, type, has_er, performs_surgeries)
VALUES (1, 'Community Hospital', '1', '1');

-- SQLINES LICENSE FOR EVALUATION USE ONLY
INSERT INTO hospital_type (hospital_type_id, type, has_er, performs_surgeries)
VALUES (2, 'Federal Government Hospital', '1', '1');

-- SQLINES LICENSE FOR EVALUATION USE ONLY
INSERT INTO hospital_type (hospital_type_id, type, has_er, performs_surgeries)
VALUES (3, 'Nonfederal Psychiatric Care', '0', '0');

-- SQLINES LICENSE FOR EVALUATION USE ONLY
INSERT INTO hospital_type (hospital_type_id, type, has_er, performs_surgeries)
VALUES (4, 'Nonfederal Long-term Care', '0', '0');


-- SQLINES LICENSE FOR EVALUATION USE ONLY
INSERT INTO hospital (hospital_id, name, address_id, hospital_type_id, number_of_beds, phone, email)
VALUES (21, 'Sunset General Hospital', 1, 1, 500, '123-456-7890', 'sunsetgeneral@medmail.com');

-- SQLINES LICENSE FOR EVALUATION USE ONLY
INSERT INTO hospital (hospital_id, name, address_id, hospital_type_id, number_of_beds, phone, email)
VALUES (22, 'Maple Grove Medical Center', 2, 1, 250, '234-567-8901', 'maplegrove@medmail.com');

-- SQLINES LICENSE FOR EVALUATION USE ONLY
INSERT INTO hospital (hospital_id, name, address_id, hospital_type_id, number_of_beds, phone, email)
VALUES (23, 'Ocean View Regional Hospital', 3, 1, 750, '345-678-9012', 'oceanview@medmail.com');

-- SQLINES LICENSE FOR EVALUATION USE ONLY
INSERT INTO hospital (hospital_id, name, address_id, hospital_type_id, number_of_beds, phone, email)
VALUES (24, 'Cedar Valley Healthcare', 4, 1, 150, '456-789-0123', 'cedarvalley@medmail.com');

-- SQLINES LICENSE FOR EVALUATION USE ONLY
INSERT INTO hospital (hospital_id, name, address_id, hospital_type_id, number_of_beds, phone, email) --
VALUES (25, 'Pine Crest Medical Center', 5, 1, 400, '567-890-1234', 'pinecrest@medmail.com');

-- SQLINES LICENSE FOR EVALUATION USE ONLY
INSERT INTO hospital (hospital_id, name, address_id, hospital_type_id, number_of_beds, phone, email)
VALUES (26, 'Main Street Community Hospital', 6, 1, 300, '678-901-2345', 'mainstreet@medmail.com');

-- SQLINES LICENSE FOR EVALUATION USE ONLY
INSERT INTO hospital (hospital_id, name, address_id, hospital_type_id, number_of_beds, phone, email)
VALUES (27, 'Springfield General Hospital', 7, 1, 600, '789-012-3456', 'springfieldgeneral@medmail.com');

-- SQLINES LICENSE FOR EVALUATION USE ONLY
INSERT INTO hospital (hospital_id, name, address_id, hospital_type_id, number_of_beds, phone, email)
VALUES (28, 'Lakeview Medical Center', 8, 1, 450, '890-123-4567', 'lakeview@medmail.com');

-- SQLINES LICENSE FOR EVALUATION USE ONLY
INSERT INTO hospital (hospital_id, name, address_id, hospital_type_id, number_of_beds, phone, email)
VALUES (29, 'Meadowbrook Hospital', 9, 1, 800, '901-234-5678', 'meadowbrook@medmail.com');

-- SQLINES LICENSE FOR EVALUATION USE ONLY
INSERT INTO hospital (hospital_id, name, address_id, hospital_type_id, number_of_beds, phone, email)
VALUES (30, 'Cherry Hill Healthcare', 10, 1, 350, '012-345-6789', 'cherryhill@medmail.com');

-- SQLINES LICENSE FOR EVALUATION USE ONLY
INSERT INTO hospital (hospital_id, name, address_id, hospital_type_id, number_of_beds, phone, email)
VALUES (31, 'Elmwood Community Hospital', 11, 1, 600, '123-456-7890', 'elmwoodcommunity@medmail.com');

-- SQLINES LICENSE FOR EVALUATION USE ONLY
INSERT INTO hospital (hospital_id, name, address_id, hospital_type_id, number_of_beds, phone, email)
VALUES (32, 'Oakwood Medical Center', 12, 1, 400, '234-567-8901', 'oakwood@medmail.com');

-- SQLINES LICENSE FOR EVALUATION USE ONLY
INSERT INTO hospital (hospital_id, name, address_id, hospital_type_id, number_of_beds, phone, email)
VALUES (33, 'Hillside Care Center', 20, 2, 100, '012-345-6789', 'hillside@health.com');

-- SQLINES LICENSE FOR EVALUATION USE ONLY
INSERT INTO hospital (hospital_id, name, address_id, hospital_type_id, number_of_beds, phone, email)
VALUES (34, 'Pineapple General Hospital', 17, 2, 900, '789-012-3456', 'pineapplegeneral@health.com');

-- SQLINES LICENSE FOR EVALUATION USE ONLY
INSERT INTO hospital (hospital_id, name, address_id, hospital_type_id, number_of_beds, phone, email)
VALUES (35, 'Oakmont Medical Center', 18, 2, 600, '890-123-4567', 'oakmont@health.com');

-- SQLINES LICENSE FOR EVALUATION USE ONLY
INSERT INTO hospital (hospital_id, name, address_id, hospital_type_id, number_of_beds, phone, email)
VALUES (36, 'Redwood Federal Hospital', 19, 2, 750, '901-234-5678', 'redwood_federal@health.com');

-- SQLINES LICENSE FOR EVALUATION USE ONLY
INSERT INTO hospital (hospital_id, name, address_id, hospital_type_id, number_of_beds, phone, email)
VALUES (37, 'Willow Creek Healthcare', 14, 3, 250, '456-789-0123', 'willowcreek@hospital.com');

-- SQLINES LICENSE FOR EVALUATION USE ONLY
INSERT INTO hospital (hospital_id, name, address_id, hospital_type_id, number_of_beds, phone, email)
VALUES (38, 'Hillside Community Hospital', 16, 3, 450, '678-901-2345', 'hillsidecommunity@hospital.com');

-- SQLINES LICENSE FOR EVALUATION USE ONLY
INSERT INTO hospital (hospital_id, name, address_id, hospital_type_id, number_of_beds, phone, email)
VALUES (39, 'Hillside Psychiatric Care Center', 20, 3, 100, '012-345-6789', 'hillsidepsychiatric@hospital.com');

-- SQLINES LICENSE FOR EVALUATION USE ONLY
INSERT INTO hospital (hospital_id, name, address_id, hospital_type_id, number_of_beds, phone, email)
VALUES (40, 'New Horizons Long-term Care', 21, 4, 300, '123-456-7890', 'newhorizons@hospital.com');


-- SQLINES LICENSE FOR EVALUATION USE ONLY
INSERT INTO appointment_type (appointment_type_id, type, description) VALUES (1, 'physical examination', 'Comprehensive examination to assess overall health');
-- SQLINES LICENSE FOR EVALUATION USE ONLY
INSERT INTO appointment_type (appointment_type_id, type, description) VALUES (2, 'child care', 'Routine check-up and care for children');
-- SQLINES LICENSE FOR EVALUATION USE ONLY
INSERT INTO appointment_type (appointment_type_id, type, description) VALUES (3, 'follow-up visit', 'Visit to monitor progress and follow up on previous treatment');
-- SQLINES LICENSE FOR EVALUATION USE ONLY
INSERT INTO appointment_type (appointment_type_id, type, description) VALUES (4, 'urgent visit', 'Immediate attention required due to urgent medical needs');


-- SQLINES LICENSE FOR EVALUATION USE ONLY
INSERT INTO appointment_status (appointment_status_id, status, description) VALUES (1, 'scheduled', 'Appointment is scheduled and confirmed');
-- SQLINES LICENSE FOR EVALUATION USE ONLY
INSERT INTO appointment_status (appointment_status_id, status, description) VALUES (2, 'cancelled', 'Appointment has been cancelled by the patient or provider');
-- SQLINES LICENSE FOR EVALUATION USE ONLY
INSERT INTO appointment_status (appointment_status_id, status, description) VALUES (3, 'no show', 'Patient did not show up for the scheduled appointment');
-- SQLINES LICENSE FOR EVALUATION USE ONLY
INSERT INTO appointment_status (appointment_status_id, status, description) VALUES (4, 'completed', 'Appointment has been successfully completed');


-- SQLINES LICENSE FOR EVALUATION USE ONLY
INSERT INTO diagnosis (diagnosis_code, diagnosis) VALUES (1, 'Common Cold');
-- SQLINES LICENSE FOR EVALUATION USE ONLY
INSERT INTO diagnosis (diagnosis_code, diagnosis) VALUES (2, 'Influenza');
-- SQLINES LICENSE FOR EVALUATION USE ONLY
INSERT INTO diagnosis (diagnosis_code, diagnosis) VALUES (3, 'Bronchitis');
-- SQLINES LICENSE FOR EVALUATION USE ONLY
INSERT INTO diagnosis (diagnosis_code, diagnosis) VALUES (4, 'Pneumonia');
-- SQLINES LICENSE FOR EVALUATION USE ONLY
INSERT INTO diagnosis (diagnosis_code, diagnosis) VALUES (5, 'Gastroenteritis');
-- SQLINES LICENSE FOR EVALUATION USE ONLY
INSERT INTO diagnosis (diagnosis_code, diagnosis) VALUES (6, 'Urinary Tract Infection');
-- SQLINES LICENSE FOR EVALUATION USE ONLY
INSERT INTO diagnosis (diagnosis_code, diagnosis) VALUES (7, 'Strep Throat');
-- SQLINES LICENSE FOR EVALUATION USE ONLY
INSERT INTO diagnosis (diagnosis_code, diagnosis) VALUES (8, 'Sinusitis');
-- SQLINES LICENSE FOR EVALUATION USE ONLY
INSERT INTO diagnosis (diagnosis_code, diagnosis) VALUES (9, 'Allergies');
-- SQLINES LICENSE FOR EVALUATION USE ONLY
INSERT INTO diagnosis (diagnosis_code, diagnosis) VALUES (10, 'Migraine');
-- SQLINES LICENSE FOR EVALUATION USE ONLY
INSERT INTO diagnosis (diagnosis_code, diagnosis) VALUES (11, 'Asthma');
-- SQLINES LICENSE FOR EVALUATION USE ONLY
INSERT INTO diagnosis (diagnosis_code, diagnosis) VALUES (12, 'Diabetes');
-- SQLINES LICENSE FOR EVALUATION USE ONLY
INSERT INTO diagnosis (diagnosis_code, diagnosis) VALUES (13, 'Hypertension');
-- SQLINES LICENSE FOR EVALUATION USE ONLY
INSERT INTO diagnosis (diagnosis_code, diagnosis) VALUES (14, 'Hyperlipidemia');
-- SQLINES LICENSE FOR EVALUATION USE ONLY
INSERT INTO diagnosis (diagnosis_code, diagnosis) VALUES (15, 'Depression');
-- SQLINES LICENSE FOR EVALUATION USE ONLY
INSERT INTO diagnosis (diagnosis_code, diagnosis) VALUES (16, 'Anxiety Disorder');
-- SQLINES LICENSE FOR EVALUATION USE ONLY
INSERT INTO diagnosis (diagnosis_code, diagnosis) VALUES (17, 'Arthritis');
-- SQLINES LICENSE FOR EVALUATION USE ONLY
INSERT INTO diagnosis (diagnosis_code, diagnosis) VALUES (18, 'Back Pain');
-- SQLINES LICENSE FOR EVALUATION USE ONLY
INSERT INTO diagnosis (diagnosis_code, diagnosis) VALUES (19, 'Migraine');
-- SQLINES LICENSE FOR EVALUATION USE ONLY
INSERT INTO diagnosis (diagnosis_code, diagnosis) VALUES (20, 'Acne');
-- SQLINES LICENSE FOR EVALUATION USE ONLY
INSERT INTO diagnosis (diagnosis_code, diagnosis) VALUES (21, 'Food poisoning');
-- SQLINES LICENSE FOR EVALUATION USE ONLY
INSERT INTO diagnosis (diagnosis_code, diagnosis) VALUES (23, 'Gastritis');
-- SQLINES LICENSE FOR EVALUATION USE ONLY
INSERT INTO diagnosis (diagnosis_code, diagnosis) VALUES (24, 'Viral infection');
-- SQLINES LICENSE FOR EVALUATION USE ONLY
INSERT INTO diagnosis (diagnosis_code, diagnosis) VALUES (25, 'Angina');
-- SQLINES LICENSE FOR EVALUATION USE ONLY
INSERT INTO diagnosis (diagnosis_code, diagnosis) VALUES (26, 'Other (Emergency surgery)');
-- SQLINES LICENSE FOR EVALUATION USE ONLY
INSERT INTO diagnosis (diagnosis_code, diagnosis) VALUES (27, 'Cardiac Arrest');
-- SQLINES LICENSE FOR EVALUATION USE ONLY
INSERT INTO diagnosis (diagnosis_code, diagnosis) VALUES (28, 'Meniere disease');
-- SQLINES LICENSE FOR EVALUATION USE ONLY
INSERT INTO diagnosis (diagnosis_code, diagnosis) VALUES (29, 'Anemia');
-- SQLINES LICENSE FOR EVALUATION USE ONLY
INSERT INTO diagnosis (diagnosis_code, diagnosis) VALUES (30, 'Eye Infection');
-- SQLINES LICENSE FOR EVALUATION USE ONLY
INSERT INTO diagnosis (diagnosis_code, diagnosis) VALUES (31, 'Ear Infection');
-- SQLINES LICENSE FOR EVALUATION USE ONLY
INSERT INTO diagnosis (diagnosis_code, diagnosis) VALUES (32, 'Post-surgery discomfort');


-- SQLINES LICENSE FOR EVALUATION USE ONLY
INSERT INTO sex (sex_id, sex)
VALUES
(1, 'Male'),
(2, 'Female');


-- SQLINES LICENSE FOR EVALUATION USE ONLY
INSERT INTO marital_status (marital_status_id, marital_status)
VALUES
(1, 'Married'),
(2, 'Single'),
(3, 'Divorced');


-- SQLINES LICENSE FOR EVALUATION USE ONLY
INSERT INTO ethnicity (ethnicity_id, ethnicity)
VALUES
(1, 'Caucasian'),
(2, 'Hispanic'),
(3, 'African American'),
(4, 'Asian'),
(5, 'Native American'),
(6, 'Other');


-- SQLINES LICENSE FOR EVALUATION USE ONLY
INSERT INTO nationality (nationality_id, nationality)
VALUES (1, 'United States of America');

-- SQLINES LICENSE FOR EVALUATION USE ONLY
INSERT INTO nationality (nationality_id, nationality)
VALUES (2, 'United Kingdom');

-- SQLINES LICENSE FOR EVALUATION USE ONLY
INSERT INTO nationality (nationality_id, nationality)
VALUES (3, 'Canada');

-- SQLINES LICENSE FOR EVALUATION USE ONLY
INSERT INTO nationality (nationality_id, nationality)
VALUES (4, 'Australia');

-- SQLINES LICENSE FOR EVALUATION USE ONLY
INSERT INTO nationality (nationality_id, nationality)
VALUES (5, 'Germany');

-- SQLINES LICENSE FOR EVALUATION USE ONLY
INSERT INTO nationality (nationality_id, nationality)
VALUES (6, 'France');

-- SQLINES LICENSE FOR EVALUATION USE ONLY
INSERT INTO nationality (nationality_id, nationality)
VALUES (7, 'Italy');

-- SQLINES LICENSE FOR EVALUATION USE ONLY
INSERT INTO nationality (nationality_id, nationality)
VALUES (8, 'Spain');

-- SQLINES LICENSE FOR EVALUATION USE ONLY
INSERT INTO nationality (nationality_id, nationality)
VALUES (9, 'Japan');

-- SQLINES LICENSE FOR EVALUATION USE ONLY
INSERT INTO nationality (nationality_id, nationality)
VALUES (10, 'China');

-- SQLINES LICENSE FOR EVALUATION USE ONLY
INSERT INTO nationality (nationality_id, nationality)
VALUES (11, 'Brazil');

-- SQLINES LICENSE FOR EVALUATION USE ONLY
INSERT INTO nationality (nationality_id, nationality)
VALUES (12, 'India');

-- SQLINES LICENSE FOR EVALUATION USE ONLY
INSERT INTO nationality (nationality_id, nationality)
VALUES (13, 'Russia');

-- SQLINES LICENSE FOR EVALUATION USE ONLY
INSERT INTO nationality (nationality_id, nationality)
VALUES (14, 'South Korea');

-- SQLINES LICENSE FOR EVALUATION USE ONLY
INSERT INTO nationality (nationality_id, nationality)
VALUES (15, 'Mexico');

-- SQLINES LICENSE FOR EVALUATION USE ONLY
INSERT INTO nationality (nationality_id, nationality)
VALUES (16, 'Nigeria');

-- SQLINES LICENSE FOR EVALUATION USE ONLY
INSERT INTO nationality (nationality_id, nationality)
VALUES (17, 'South Africa');

-- SQLINES LICENSE FOR EVALUATION USE ONLY
INSERT INTO nationality (nationality_id, nationality)
VALUES (18, 'Sweden');

-- SQLINES LICENSE FOR EVALUATION USE ONLY
INSERT INTO nationality (nationality_id, nationality)
VALUES (19, 'Switzerland');

-- SQLINES LICENSE FOR EVALUATION USE ONLY
INSERT INTO nationality (nationality_id, nationality)
VALUES (20, 'Argentina');


-- SQLINES LICENSE FOR EVALUATION USE ONLY
INSERT INTO person (person_id, first_name, last_name, dob, phone, email, sex_id, marital_status_id, ethnicity_id, nationality_id)
VALUES
(26, 'John', 'Doe', '1990-05-15', '700-111-1111', 'john.doe@gmail.com', 1, 1, 1, 1),
(27, 'Jane', 'Smith', '1985-09-21', '700-222-2222', 'jane.smith@outlook.com', 2, 2, 2, 1),
(28, 'Michael', 'Brown', '1992-07-03', '700-333-3333', 'michael.brown@yahoo.com', 1, 3, 3, 1),
(29, 'Sarah', 'Johnson', '1988-12-10', '700-444-4444', 'sarah.johnson@protonmail.com', 2, 1, 4, 1),
(30, 'David', 'Wilson', '1995-03-28', '700-555-5555', 'david.wilson@gmail.com', 1, 2, 1, 1),
(31, 'Emily', 'Thomas', '1983-11-07', '700-666-6666', 'emily.thomas@outlook.com', 2, 3, 2, 1),
(32, 'Michaela', 'Nguyen', '1991-08-18', '700-777-7777', 'michaela.nguyen@yahoo.com', 2, 2, 4, 1),
(33, 'Alexander', 'Johnson', '1987-06-02', '700-888-8888', 'alexander.johnson@gmail.com', 1, 1, 3, 1),
(34, 'Natalie', 'Garcia', '1993-04-09', '700-999-9999', 'natalie.garcia@protonmail.com', 2, 2, 1, 1),
(35, 'Matthew', 'Harris', '1984-10-25', '700-123-4567', 'matthew.harris@yahoo.com', 1, 3, 2, 3),
(36, 'Olivia', 'Jackson', '1989-07-14', '700-234-5678', 'olivia.jackson@gmail.com', 2, 1, 4, 1),
(37, 'William', 'Davis', '1996-01-31', '700-345-6789', 'william.davis@outlook.com', 1, 2, 3, 1),
(38, 'Sophia', 'Nguyen', '1982-09-05', '700-456-7890', 'sophia.nguyen@yahoo.com', 2, 3, 1, 1),
(39, 'Benjamin', 'Wilson', '1994-05-20', '700-567-8901', 'benjamin.wilson@gmail.com', 1, 2, 2, 1),
(40, 'Olivia', 'Thomas', '1986-12-01', '700-678-9012', 'olivia.thomas@protonmail.com', 2, 1, 4, 1),
(41, 'Jacob', 'Garcia', '1990-02-17', '700-789-0123', 'jacob.garcia@yahoo.com', 1, 2, 3, 1),
(42, 'Ava', 'Harris', '1985-10-10', '700-890-1234', 'ava.harris@gmail.com', 2, 3, 1, 1),
(43, 'Ethan', 'Johnson', '1992-07-27', '700-901-2345', 'ethan.johnson@outlook.com', 1, 1, 2, 1),
(44, 'Mia', 'Brown', '1988-03-12', '700-012-3456', 'mia.brown@yahoo.com', 2, 2, 4, 1),
(45, 'Jackson', 'Davis', '1959-11-29', '700-123-4560', 'jackson.davis@gmail.com', 1, 3, 3, 1),
(46, 'Amelia', 'Johnson', '1991-08-05', '700-234-5671', 'amelia.johnson@protonmail.com', 2, 2, 1, 1),
(47, 'Daniel', 'Anderson', '1987-05-22', '700-345-6782', 'daniel.anderson@yahoo.com', 1, 1, 2, 1),
(48, 'Victoria', 'Miller', '1993-01-07', '700-456-7893', 'victoria.miller@gmail.com', 2, 2, 4, 1),
(49, 'Lucas', 'Garcia', '1984-09-23', '700-567-8904', 'lucas.garcia@outlook.com', 1, 3, 3, 1),
(50, 'Madison', 'Martinez', '1989-06-10', '700-678-9015', 'madison.martinez@yahoo.com', 2, 1, 1, 15),
(72, 'Emma', 'Smith', '2000-08-03', '710-111-1111', 'emma.smith@gmail.com', 2, 2, 1, 1),
(73, 'Noah', 'Johnson', '1996-02-17', '710-222-2222', 'noah.johnson@outlook.com', 1, 2, 3, 1),
(74, 'Olivia', 'Wilson', '1961-06-10', '710-333-3333', 'olivia.wilson@yahoo.com', 2, 2, 2, 1),
(75, 'Liam', 'Davis', '2001-12-25', '710-444-4444', 'liam.davis@protonmail.com', 1, 2, 4, 1),
(76, 'Ava', 'Jones', '1972-09-08', '710-555-5555', 'ava.jones@gmail.com', 2, 2, 1, 1),
(77, 'Mason', 'Thomas', '1983-11-20', '710-666-6666', 'mason.thomas@outlook.com', 1, 2, 3, 1),
(78, 'Sophia', 'Brown', '1999-07-14', '710-777-7777', 'sophia.brown@yahoo.com', 2, 2, 2, 1),
(79, 'David', 'Wilson', '1995-03-28', '710-888-8888', 'david.wilson@gmail.com', 1, 2, 1, 1),
(80, 'Emily', 'Thomas', '1983-11-07', '710-999-9999', 'emily.thomas@protonmail.com', 2, 3, 2, 1),
(81, 'Ari', 'Lee', '1991-08-18', '710-123-4567', 'ari.lee@yahoo.com', 2, 2, 4, 14),
(82, 'Alexander', 'Johnson', '1987-06-02', '710-234-5678', 'alexander.johnson@gmail.com', 1, 1, 3, 1),
(83, 'Natalie', 'Garcia', '1993-04-09', '710-345-6789', 'natalie.garcia@protonmail.com', 2, 2, 1, 1),
(84, 'Matthew', 'Harris', '1984-10-25', '710-456-7890', 'matthew.harris@yahoo.com', 1, 3, 2, 1),
(85, 'Olivia', 'Jackson', '1989-07-14', '710-567-8901', 'olivia.jackson@gmail.com', 2, 1, 4, 1),
(86, 'William', 'Davis', '1996-01-31', '710-678-9012', 'william.davis@protonmail.com', 1, 2, 3, 1),
(87, 'Sophia', 'Nguyen', '1982-09-05', '710-789-0123', 'sophia.nguyen@yahoo.com', 2, 3, 1, 1),
(88, 'Ethan', 'Wilson', '1962-05-20', '710-890-1234', 'ethan.wilson@gmail.com', 1, 2, 2, 1),
(89, 'Mia', 'Johnson', '1982-10-01', '710-901-2345', 'mia.johnson@outlook.com', 2, 2, 4, 2),
(90, 'Daniel', 'Smith', '1971-07-03', '710-012-3456', 'daniel.smith@yahoo.com', 1, 2, 3, 1),
(91, 'Ava', 'Martinez', '1960-06-15', '710-123-4560', 'ava.martinez@gmail.com', 2, 2, 1, 1),
(92, 'Lucas', 'Anderson', '1988-04-30', '710-234-5671', 'lucas.anderson@protonmail.com', 1, 2, 2, 1),
(93, 'Madison', 'Brown', '1993-01-14', '710-345-6782', 'madison.brown@yahoo.com', 2, 2, 4, 1),
(94, 'Mia', 'Johnson', '2000-09-29', '710-456-7893', 'mia.johnson@gmail.com', 2, 2, 3, 1),
(95, 'Jacob', 'Martinez', '2013-08-13', '710-567-8904', 'jacob.martinez@outlook.com', 1, 2, 1, 1),
(96, 'Sophia', 'Garcia', '2015-07-30', '710-678-9015', 'sophia.garcia@yahoo.com', 2, 2, 2, 1),
(97, 'Noah', 'Wilson', '2012-06-14', '710-789-0126', 'noah.wilson@gmail.com', 1, 2, 4, 1),
(98, 'Ava', 'Davis', '2014-03-29', '710-890-1237', 'ava.davis@protonmail.com', 2, 2, 3, 1),
(99, 'Liam', 'Anderson', '2010-11-12', '710-901-2348', 'liam.anderson@yahoo.com', 1, 2, 1, 1),
(51, 'Jennifer', 'Jones', '1987-09-30', '400-111-1111', 'jennifer.jones@hospital.com', 2, 1, 1, 1),
(52, 'Robert', 'Davis', '1979-12-08', '400-222-2222', 'robert.davis@medmail.com', 1, 3, 3, 1),
(53, 'Lisa', 'Miller', '1984-05-25', '400-333-3333', 'lisa.miller@health.com', 2, 2, 2, 1),
(54, 'Matthew', 'Wilson', '1991-08-12', '400-444-4444', 'matthew.wilson@hospital.com', 1, 2, 1, 1),
(55, 'Emily', 'Taylor', '1980-04-02', '400-555-5555', 'emily.taylor@medmail.com', 2, 1, 4, 1),
(56, 'Jason', 'Anderson', '1986-10-19', '400-666-6666', 'jason.anderson@health.com', 1, 2, 1, 1),
(57, 'Olivia', 'Thompson', '1992-01-27', '400-777-7777', 'olivia.thompson@hospital.com', 2, 1, 3, 1),
(58, 'Michael', 'James', '1983-07-14', '400-888-8888', 'michael.james@medmail.com', 1, 2, 2, 1),
(59, 'Sophia', 'Baker', '1989-04-08', '400-999-9999', 'sophia.baker@health.com', 2, 1, 1, 1),
(60, 'Ethan', 'Green', '1994-11-21', '400-123-4560', 'ethan.green@hospital.com', 1, 2, 4, 1),
(61, 'Ava', 'Hill', '1988-08-05', '400-234-5671', 'ava.hill@medmail.com', 2, 1, 3, 1),
(62, 'Joseph', 'Brooks', '1980-03-02', '400-345-6782', 'joseph.brooks@health.com', 1, 2, 1, 1),
(63, 'Madison', 'Howard', '1985-10-19', '400-456-7893', 'madison.howard@hospital.com', 2, 3, 2, 1),
(64, 'Nathan', 'Cooper', '1991-06-12', '400-567-8904', 'nathan.cooper@medmail.com', 1, 2, 1, 1),
(65, 'Victoria', 'Kelly', '1984-04-30', '400-678-9015', 'victoria.kelly@health.com', 2, 1, 3, 1),
(66, 'Jennifer', 'Jones', '1987-09-30', '400-789-0126', 'jennifer.jones@hospital.com', 2, 1, 1, 1),
(67, 'Robert', 'Davis', '1979-12-08', '400-890-1237', 'robert.davis@medmail.com', 1, 3, 3, 1),
(68, 'Lisa', 'Miller', '1984-05-25', '400-901-2348', 'lisa.miller@health.com', 2, 2, 2, 1),
(69, 'Matthew', 'Wilson', '1991-08-12', '400-012-3459', 'matthew.wilson@hospital.com', 1, 2, 1, 1),
(70, 'Emily', 'Taylor', '1980-04-02', '400-123-4561', 'emily.taylor@medmail.com', 2, 1, 4, 1),
(71, 'Ray', 'Lee', '1981-01-19', '400-999-0001', 'ray.lee@medmail.com', 1, 1, 4, 1),
(100, 'John', 'Smith', '1990-03-15', '440-111-1112', 'john.smith@med.com', 1, 1, 1, 1),
(101, 'Amy', 'Johnson', '1985-07-20', '440-222-2223', 'amy.johnson@med.com', 2, 2, 3, 1),
(102, 'David', 'Wilson', '1978-11-02', '440-333-3334', 'david.wilson@med.com', 1, 3, 2, 1),
(103, 'Sarah', 'Davis', '1993-06-18', '440-444-4445', 'sarah.davis@med.com', 2, 2, 4, 1),
(104, 'Mark', 'Thompson', '1982-09-08', '440-555-5556', 'mark.thompson@med.com', 1, 1, 1, 1),
(105, 'Emily', 'Martinez', '1989-04-21', '440-666-6667', 'emily.martinez@med.com', 2, 2, 2, 1),
(106, 'Daniel', 'Brown', '1996-01-14', '440-777-7778', 'daniel.brown@med.com', 1, 1, 4, 1),
(107, 'Samantha', 'Harris', '1984-10-29', '440-888-8889', 'samantha.harris@med.com', 2, 2, 3, 1),
(108, 'Michael', 'Garcia', '1999-06-30', '440-999-9990', 'michael.garcia@med.com', 1, 3, 2, 1),
(109, 'Emma', 'Smith', '1995-03-10', '440-123-4561', 'emma.smith@med.com', 2, 2, 1, 1),
(110, 'Jacob', 'Johnson', '2000-08-13', '440-234-5672', 'jacob.johnson@med.com', 1, 1, 3, 1),
(111, 'Olivia', 'Wilson', '1993-01-27', '440-345-6783', 'olivia.wilson@med.com', 2, 2, 4, 1),
(112, 'Ethan', 'Davis', '1988-04-09', '440-456-7894', 'ethan.davis@med.com', 1, 1, 1, 1),
(113, 'Isabella', 'Lee', '1986-11-24', '440-567-8905', 'isabella.lee@med.com', 2, 2, 2, 1),
(114, 'Mason', 'Miller', '2002-12-01', '440-678-9016', 'mason.miller@med.com', 1, 2, 3, 1),
(115, 'Sophia', 'Brown', '2001-07-16', '440-789-0127', 'sophia.brown@med.com', 2, 2, 1, 1),
(116, 'William', 'Martinez', '2006-04-30', '440-890-1238', 'william.martinez@med.com', 1, 2, 2, 1),
(117, 'Mia', 'Jones', '2003-09-14', '440-901-2349', 'mia.jones@med.com', 2, 2, 4, 1),
(118, 'James', 'Johnson', '2010-11-09', '440-012-3450', 'james.johnson@med.com', 1, 2, 3, 1),
(119, 'Emma', 'Taylor', '2008-08-24', '440-123-4562', 'emma.taylor@med.com', 2, 2, 1, 1),
(120, 'Oliver', 'Smith', '2013-07-29', '440-234-5673', 'oliver.smith@med.com', 1, 2, 1, 1);

-- SQLINES LICENSE FOR EVALUATION USE ONLY
INSERT INTO blood_type (blood_type_id, blood_type) 
VALUES
(1, 'O-'),
(2, 'O+'),
(3, 'B-'),
(4, 'B+'),
(5, 'A-'),
(6, 'A+'),
(7, 'AB-'),
(8, 'AB+');


-- SQLINES LICENSE FOR EVALUATION USE ONLY
INSERT INTO patient_vitals (patient_vitals_id, height, weight, blood_pressure, bmi) 
VALUES
(1, 170.5, 75.2, '120/80', 24.8),
(2, 165.0, 68.9, '118/78', 25.1),
(3, 165.0, 70.5, '122/82', 26.9),
(4, 165.0, 65.1, '115/75', 23.6),
(5, 175.1, 70.7, '120/80', 22.9),
(6, 169.4, 73.8, '118/78', 25.8),
(7, 181.6, 88.4, '122/82', 26.8),
(8, 172.7, 67.2, '115/75', 23.8),
(9, 172.7, 67.5, '120/80', 26.3),
(10, 164.2, 65.8, '118/78', 24.4),
(11, 177.3, 83.2, '122/82', 26.5),
(12, 160.7, 60.4, '115/75', 23.4),
(13, 173.9, 76.1, '120/80', 25.1),
(14, 168.6, 71.5, '118/78', 25.2),
(15, 180.2, 87.9, '122/82', 26.7),
(16, 166.5, 66.7, '115/75', 24.1),
(17, 171.8, 77.8, '120/80', 26.4),
(18, 163.5, 63.9, '118/78', 23.8),
(19, 176.4, 82.6, '122/82', 26.3),
(20, 176.4, 80.7, '115/75', 23.2),
(21, 176.4, 81.9, '120/80', 25.7),
(22, 176.4, 83.2, '118/78', 25.4),
(23, 179.7, 86.1, '122/82', 26.9),
(24, 165.2, 64.6, '115/75', 23.5),
(25, 170.9, 74.3, '120/80', 25.6),
(26, 165.5, 70.2, '120/80', 25.6),
(27, 172.8, 67.9, '118/76', 22.0),
(28, 172.8, 67.5, '122/82', 28.3),
(29, 175.3, 68.7, '116/78', 22.3),
(30, 170.2, 71.1, '120/80', 24.5),
(31, 162.9, 66.5, '118/76', 24.9),
(32, 168.4, 73.8, '122/82', 26.0),
(33, 173.7, 69.4, '116/78', 23.0),
(34, 160.5, 74.1, '120/80', 28.9),
(35, 178.2, 67.8, '118/76', 21.4),
(36, 166.7, 75.3, '122/82', 27.2),
(37, 171.9, 70.6, '116/78', 21.8),
(38, 167.8, 76.9, '120/80', 26.9),
(39, 163.6, 72.3, '118/76', 27.3),
(40, 169.1, 68.9, '122/82', 24.1),
(41, 174.4, 74.2, '116/78', 23.5),
(42, 161.2, 69.7, '120/80', 25.0),
(43, 177.5, 66.3, '118/76', 20.8),
(44, 165.8, 73.6, '122/82', 26.7),
(45, 170.6, 68.2, '116/78', 22.1),
(46, 175.9, 76.5, '120/80', 27.9),
(47, 162.3, 71.9, '118/76', 27.7),
(48, 168.8, 67.5, '122/82', 23.2),
(49, 135.4, 32.5, '100/60', 17.8),
(50, 123.8, 28.9, '95/55', 19.0),
(51, 140.2, 36.4, '102/62', 18.6),
(52, 128.5, 31.7, '97/57', 18.9),
(53, 145.7, 40.2, '105/65', 20.8);


-- SQLINES LICENSE FOR EVALUATION USE ONLY
INSERT INTO patient (patient_id, person_id, blood_type_id) VALUES
(1, 26, 3),
(2, 27, 5),
(3, 28, 2),
(4, 29, 6),
(5, 30, 4),
(6, 31, 1),
(7, 32, 8),
(8, 33, 7),
(9, 34, 2),
(10, 35, 4),
(11, 36, 1),
(12, 37, 6),
(13, 38, 3),
(14, 39, 7),
(15, 40, 5),
(16, 41, 8),
(17, 42, 2),
(18, 43, 1),
(19, 44, 6),
(20, 45, 3),
(21, 46, 4),
(22, 47, 5),
(23, 48, 7),
(24, 49, 8),
(25, 50, 2),
(26, 72, 3),
(27, 73, 4),
(28, 74, 1),
(29, 75, 8),
(30, 76, 6),
(31, 77, 5),
(32, 78, 7),
(33, 79, 2),
(34, 80, 1),
(35, 81, 4),
(36, 82, 3),
(37, 83, 6),
(38, 84, 5),
(39, 85, 7),
(40, 86, 8),
(41, 87, 2),
(42, 88, 3),
(43, 89, 4),
(44, 90, 1),
(45, 91, 6),
(46, 92, 5),
(47, 93, 8),
(48, 94, 7),
(49, 95, 2),
(50, 96, 3),
(51, 97, 4),
(52, 98, 1),
(53, 99, 6);


-- SQLINES LICENSE FOR EVALUATION USE ONLY
INSERT INTO department (department_id, name, hospital_id, phone, email)
VALUES (1, 'Cardiology', 21, '111-111-1111', 'cardiology@sunsetgeneral.hospital.com');

-- SQLINES LICENSE FOR EVALUATION USE ONLY
INSERT INTO department (department_id, name, hospital_id, phone, email)
VALUES (2, 'Family Medicine', 21, '222-222-2222', 'family.medicine@sunsetgeneral.hospital.com');

-- SQLINES LICENSE FOR EVALUATION USE ONLY
INSERT INTO department (department_id, name, hospital_id, phone, email)
VALUES (100, 'Nursing', 21, '222-000-0002', 'nursing@sunsetgeneral.hospital.com');

-- SQLINES LICENSE FOR EVALUATION USE ONLY
INSERT INTO department (department_id, name, hospital_id, phone, email)
VALUES (3, 'Orthopedics', 22, '333-333-3333', 'orthopedics@maplegrove.hospital.com');

-- SQLINES LICENSE FOR EVALUATION USE ONLY
INSERT INTO department (department_id, name, hospital_id, phone, email)
VALUES (4, 'Ophthalmology', 22, '444-444-4444', 'ophthalmology@maplegrove.hospital.com');

-- SQLINES LICENSE FOR EVALUATION USE ONLY
INSERT INTO department (department_id, name, hospital_id, phone, email)
VALUES (5, 'Gastroenterology', 23, '555-555-5555', 'gastroenterology@oceanview.hospital.com');

-- SQLINES LICENSE FOR EVALUATION USE ONLY
INSERT INTO department (department_id, name, hospital_id, phone, email)
VALUES (6, 'Dermatology', 23, '666-666-6666', 'dermatology@oceanview.hospital.com');

-- SQLINES LICENSE FOR EVALUATION USE ONLY
INSERT INTO department (department_id, name, hospital_id, phone, email)
VALUES (7, 'Urology', 24, '777-777-7777', 'urology@cedarvalley.hospital.com');

-- SQLINES LICENSE FOR EVALUATION USE ONLY
INSERT INTO department (department_id, name, hospital_id, phone, email)
VALUES (8, 'Endocrinology', 24, '888-888-8888', 'endocrinology@cedarvalley.hospital.com');

-- SQLINES LICENSE FOR EVALUATION USE ONLY
INSERT INTO department (department_id, name, hospital_id, phone, email)
VALUES (9, 'Pulmonology', 25, '999-999-9999', 'pulmonology@pinecrest.hospital.com'); --

-- SQLINES LICENSE FOR EVALUATION USE ONLY
INSERT INTO department (department_id, name, hospital_id, phone, email)
VALUES (10, 'Family Medicine', 25, '101-101-1010', 'family.medicine@pinecrest.hospital.com');

-- SQLINES LICENSE FOR EVALUATION USE ONLY
INSERT INTO department (department_id, name, hospital_id, phone, email)
VALUES (200, 'Nursing', 25, '101-000-0001', 'nursing@pinecrest.hospital.com');

-- SQLINES LICENSE FOR EVALUATION USE ONLY
INSERT INTO department (department_id, name, hospital_id, phone, email)
VALUES (11, 'Pediatrics', 26, '202-202-2020', 'pediatrics@mainstreet.hospital.com');

-- SQLINES LICENSE FOR EVALUATION USE ONLY
INSERT INTO department (department_id, name, hospital_id, phone, email)
VALUES (12, 'Otolaryngology', 26, '303-303-3030', 'otolaryngology@mainstreet.hospital.com');

-- SQLINES LICENSE FOR EVALUATION USE ONLY
INSERT INTO department (department_id, name, hospital_id, phone, email)
VALUES (13, 'Gynecology', 27, '404-404-4040', 'gynecology@springfieldgeneral.hospital.com');

-- SQLINES LICENSE FOR EVALUATION USE ONLY
INSERT INTO department (department_id, name, hospital_id, phone, email)
VALUES (14, 'Oncology', 27, '505-505-5050', 'oncology@springfieldgeneral.hospital.com');

-- SQLINES LICENSE FOR EVALUATION USE ONLY
INSERT INTO department (department_id, name, hospital_id, phone, email)
VALUES (15, 'Nephrology', 28, '606-606-6060', 'nephrology@lakeview.hospital.com');

-- SQLINES LICENSE FOR EVALUATION USE ONLY
INSERT INTO department (department_id, name, hospital_id, phone, email)
VALUES (16, 'Allergy and Immunology', 28, '707-707-7070', 'allergy@lakeview.hospital.com');

-- SQLINES LICENSE FOR EVALUATION USE ONLY
INSERT INTO department (department_id, name, hospital_id, phone, email)
VALUES (17, 'Emergency Medicine', 29, '808-808-8080', 'emergency@meadowbrook.hospital.com');

-- SQLINES LICENSE FOR EVALUATION USE ONLY
INSERT INTO department (department_id, name, hospital_id, phone, email)
VALUES (18, 'Psychiatry', 29, '909-909-9090', 'psychiatry@meadowbrook.hospital.com');

-- SQLINES LICENSE FOR EVALUATION USE ONLY
INSERT INTO department (department_id, name, hospital_id, phone, email)
VALUES (19, 'General Surgery', 30, '010-010-0101', 'surgery@cherryhill.hospital.com');

-- SQLINES LICENSE FOR EVALUATION USE ONLY
INSERT INTO department (department_id, name, hospital_id, phone, email)
VALUES (20, 'Hematology', 30, '111-111-0000', 'hematology@cherryhill.hospital.com');

-- SQLINES LICENSE FOR EVALUATION USE ONLY
INSERT INTO department (department_id, name, hospital_id, phone, email)
VALUES (21, 'Obstetrics', 31, '212-212-2121', 'obstetrics@elmwoodcommunity.hospital.com');

-- SQLINES LICENSE FOR EVALUATION USE ONLY
INSERT INTO department (department_id, name, hospital_id, phone, email)
VALUES (22, 'Rheumatology', 31, '313-313-3131', 'rheumatology@elmwoodcommunity.hospital.com');

-- SQLINES LICENSE FOR EVALUATION USE ONLY
INSERT INTO department (department_id, name, hospital_id, phone, email)
VALUES (23, 'Neurosurgery', 32, '414-414-4141', 'neurosurgery@oakwood.hospital.com');

-- SQLINES LICENSE FOR EVALUATION USE ONLY
INSERT INTO department (department_id, name, hospital_id, phone, email)
VALUES (24, 'Plastic Surgery', 32, '515-515-5151', 'plasticsurgery@oakwood.hospital.com');

-- SQLINES LICENSE FOR EVALUATION USE ONLY
INSERT INTO department (department_id, name, hospital_id, phone, email)
VALUES (25, 'Mental Health Counseling', 33, '616-616-6161', 'counseling@hillsidepsychiatric.hospital.com');

-- SQLINES LICENSE FOR EVALUATION USE ONLY
INSERT INTO department (department_id, name, hospital_id, phone, email)
VALUES (26, 'Psychopharmacology', 33, '717-717-7171', 'psychopharmacology@hillsidepsychiatric.hospital.com');

-- SQLINES LICENSE FOR EVALUATION USE ONLY
INSERT INTO department (department_id, name, hospital_id, phone, email)
VALUES (27, 'Behavior Analysis', 34, '818-818-8181', 'behavior@pineapplegeneral.hospital.com');

-- SQLINES LICENSE FOR EVALUATION USE ONLY
INSERT INTO department (department_id, name, hospital_id, phone, email)
VALUES (28, 'Developmental Pediatrics', 34, '919-919-9191', 'developmental@pineapplegeneral.hospital.com');

-- SQLINES LICENSE FOR EVALUATION USE ONLY
INSERT INTO department (department_id, name, hospital_id, phone, email)
VALUES (29, 'Pain Management', 35, '020-020-0202', 'painmanagement@oakmont.hospital.com');

-- SQLINES LICENSE FOR EVALUATION USE ONLY
INSERT INTO department (department_id, name, hospital_id, phone, email)
VALUES (30, 'Physical Therapy', 35, '121-121-1212', 'physicaltherapy@oakmont.hospital.com');

-- SQLINES LICENSE FOR EVALUATION USE ONLY
INSERT INTO department (department_id, name, hospital_id, phone, email)
VALUES (31, 'Geriatrics', 36, '222-222-1111', 'geriatrics@redwoodcommunity.hospital.com');

-- SQLINES LICENSE FOR EVALUATION USE ONLY
INSERT INTO department (department_id, name, hospital_id, phone, email)
VALUES (32, 'Family Medicine', 36, '323-323-3232', 'familymedicine@redwoodcommunity.hospital.com');


-- SQLINES LICENSE FOR EVALUATION USE ONLY
INSERT INTO employee (employee_id, person_id, department_id)
VALUES
(1, 51, 1),
(2, 52, 1),
(3, 53, 100),
(4, 54, 2),
(5, 55, 3),
(6, 56, 3),
(7, 57, 200),
(8, 58, 4),
(9, 59, 5),
(10, 60, 5),
(11, 61, 6),
(12, 62, 6),
(13, 63, 23),
(14, 64, 7),
(15, 65, 8),
(16, 66, 8),
(17, 67, 100),
(18, 68, 9),
(19, 69, 10),
(20, 70, 10),
(21, 71, 11),
(22, 100, 32),
(23, 101, 19),
(24, 102, 200),
(25, 103, 200),
(26, 104, 100),
(27, 105, 2),
(28, 106, 32),
(29, 107, 10);


-- SQLINES LICENSE FOR EVALUATION USE ONLY
INSERT INTO doctor (doctor_id, employee_id, specialty, office)
VALUES 
(1, 4, 'Emergency and Urgent Care', '330B'),
(2, 20, 'General Internal Care', '100E'),
(3, 10, 'Surgery', '750W'),
(4, 1, 'Surgery', '320C'),
(5, 21, 'General Pediatrics', '345P'),
(6, 19, 'General Practice', '404Y'),
(7, 27, 'Emergency and Urgent Care', '315B'), 
(8, 28, 'General Internal Care', '350G'),
(9, 29, 'Colorectal Surgery', '200Y'),
(10, 22, 'General Internal Care', '500G'),
(11, 5, 'ACL and MCL Reconstruction', '125Z'),
(12, 6, 'ACL and MCL Reconstruction', '127W'),
(13, 13, 'Brain Blunt Trauma', '293F'),
(14, 9, 'Esophagus Surgery', '840Q');


-- SQLINES LICENSE FOR EVALUATION USE ONLY
INSERT INTO manufacturer (manufacturer_id, name)
VALUES (1, 'Pfizer Inc.');

-- SQLINES LICENSE FOR EVALUATION USE ONLY
INSERT INTO manufacturer (manufacturer_id, name)
VALUES (2, 'Johnson & Johnson Pharmaceuticals');

-- SQLINES LICENSE FOR EVALUATION USE ONLY
INSERT INTO manufacturer (manufacturer_id, name)
VALUES (3, 'Novartis International AG');

-- SQLINES LICENSE FOR EVALUATION USE ONLY
INSERT INTO manufacturer (manufacturer_id, name)
VALUES (4, 'Merck & Co., Inc.');

-- SQLINES LICENSE FOR EVALUATION USE ONLY
INSERT INTO manufacturer (manufacturer_id, name)
VALUES (5, 'GlaxoSmithKline Pharmaceuticals Ltd.');

-- SQLINES LICENSE FOR EVALUATION USE ONLY
INSERT INTO manufacturer (manufacturer_id, name)
VALUES (6, 'AstraZeneca PLC');

-- SQLINES LICENSE FOR EVALUATION USE ONLY
INSERT INTO manufacturer (manufacturer_id, name)
VALUES (7, 'Bayer AG');

-- SQLINES LICENSE FOR EVALUATION USE ONLY
INSERT INTO manufacturer (manufacturer_id, name)
VALUES (8, 'Sanofi');

-- SQLINES LICENSE FOR EVALUATION USE ONLY
INSERT INTO manufacturer (manufacturer_id, name)
VALUES (9, 'Roche Holding AG');

-- SQLINES LICENSE FOR EVALUATION USE ONLY
INSERT INTO manufacturer (manufacturer_id, name)
VALUES (10, 'AbbVie Inc.');

-- SQLINES LICENSE FOR EVALUATION USE ONLY
INSERT INTO manufacturer (manufacturer_id, name)
VALUES (11, 'Bristol Myers Squibb');

-- SQLINES LICENSE FOR EVALUATION USE ONLY
INSERT INTO manufacturer (manufacturer_id, name)
VALUES (12, 'Eli Lilly and Company');

-- SQLINES LICENSE FOR EVALUATION USE ONLY
INSERT INTO manufacturer (manufacturer_id, name)
VALUES (13, 'Gilead Sciences, Inc.');

-- SQLINES LICENSE FOR EVALUATION USE ONLY
INSERT INTO manufacturer (manufacturer_id, name)
VALUES (14, 'Takeda Pharmaceutical Company Limited');

-- SQLINES LICENSE FOR EVALUATION USE ONLY
INSERT INTO manufacturer (manufacturer_id, name)
VALUES (15, 'Amgen Inc.');


-- SQLINES LICENSE FOR EVALUATION USE ONLY
INSERT INTO supplier (supplier_id, name, phone, email)
VALUES 
(1, 'Valley Pharma Distributors', '590-123-4560', 'info@vpd.com'),
(2, 'Rimac Medical Supplies', '590-987-6540', 'contact@rms.com'),
(3, 'Thompson Healthcare Distribution', '590-456-7890', 'sales@thd.com'),
(4, 'Medico Direct Suppliers', '590-234-5670', 'support@mds.com'),
(5, 'Tobi Healthcare Logistics', '590-876-5430', 'info@thl.com');


-- SQLINES LICENSE FOR EVALUATION USE ONLY
INSERT INTO medicine (medicine_id, diagnosis_code, name, manufacturer_id, active_ingredient, price, description, dose, supplier_id)
VALUES
(1, 1, 'Cold-X', 1, 'Acetaminophen, Phenylephrine', 9.99, 'Relieves common cold symptoms', 'Take 2 tablets every 4-6 hours', 1),
(2, 1, 'ColdCare', 2, 'Dextromethorphan, Guaifenesin', 7.99, 'Relieves cough and congestion', 'Take 1-2 tablespoons every 4 hours', 2),
(3, 2, 'FluGuard', 3, 'Oseltamivir', 14.99, 'Antiviral medication for influenza', 'Take 1 capsule twice daily', 3),
(4, 2, 'ReliefFlu', 4, 'Ibuprofen, Phenylephrine', 8.99, 'Relieves flu symptoms', 'Take 2 tablets every 6 hours', 4),
(5, 3, 'BreatheWell', 5, 'Guaifenesin, Dextromethorphan', 10.99, 'Relieves bronchitis symptoms', 'Take 1-2 tablets every 4 hours', 5),
(6, 3, 'BronchoRelief', 6, 'Acetaminophen, Codeine', 12.99, 'Relieves cough and chest congestion', 'Take 1-2 tablets every 6 hours', 5),
(7, 4, 'PneumoCure', 7, 'Levofloxacin', 19.99, 'Antibiotic for pneumonia treatment', 'Take 1 tablet once daily', 4),
(8, 4, 'PneumoRelief', 8, 'Acetaminophen, Ibuprofen', 9.99, 'Relieves symptoms associated with pneumonia', 'Take 2 tablets every 6 hours', 3),
(9, 5, 'GastroGuard', 9, 'Loperamide', 7.99, 'Anti-diarrheal medication', 'Take 2 capsules after each loose stool', 2),
(10, 5, 'GastroRelief', 10, 'Bismuth Subsalicylate', 8.99, 'Relieves stomach discomfort and nausea', 'Chew or dissolve 2 tablets every 30 minutes', 1),
(11, 6, 'UTIShield', 11, 'Nitrofurantoin', 14.99, 'Antibiotic for urinary tract infection', 'Take 1 capsule twice daily', 1),
(12, 6, 'UTIRelief', 12, 'Phenazopyridine', 9.99, 'Relieves urinary tract infection symptoms', 'Take 2 tablets three times daily', 1),
(13, 7, 'StrepAway', 13, 'Penicillin V', 9.99, 'Antibiotic for strep throat', 'Take 1 tablet four times daily', 1),
(14, 7, 'ThroatRelief', 14, 'Benzocaine, Menthol', 6.99, 'Provides relief from strep throat symptoms', 'Apply to the affected area every 2-4 hours', 2),
(15, 8, 'SinusClear', 15, 'Pseudoephedrine', 8.99, 'Relieves nasal congestion due to sinusitis', 'Take 1 tablet every 4-6 hours', 2),
(16, 8, 'SinusRelief', 15, 'Ibuprofen, Acetaminophen', 9.99, 'Relieves sinusitis symptoms', 'Take 2 tablets every 6 hours', 3),
(17, 9, 'AllerGuard', 14, 'Cetirizine', 7.99, 'Antihistamine for allergy relief', 'Take 1 tablet once daily', 3),
(18, 9, 'AllerRelief', 13, 'Loratadine', 6.99, 'Provides relief from allergy symptoms', 'Take 1 tablet once daily', 3),
(19, 10, 'MigraineShield', 12, 'Sumatriptan', 12.99, 'Relieves migraine headaches', 'Take 1 tablet at the onset of migraine', 3),
(20, 10, 'MigraineRelief', 11, 'Ibuprofen, Caffeine', 8.99, 'Provides relief from migraine symptoms', 'Take 2 tablets at the onset of migraine', 3),
(21, 11, 'AsthmaGuard', 10, 'Albuterol', 15.99, 'Bronchodilator for asthma management', 'Use inhaler as directed by physician', 4),
(22, 11, 'AsthmaRelief', 9, 'Beclomethasone', 17.99, 'Anti-inflammatory medication for asthma', 'Use inhaler as directed by physician', 5),
(23, 12, 'DiaCare', 8, 'Metformin', 9.99, 'Antidiabetic medication', 'Take 1 tablet twice daily with meals', 5),
(24, 12, 'DiaRelief', 7, 'Insulin', 24.99, 'Injectable medication for diabetes management', 'Use as directed by physician', 5),
(25, 13, 'HypertensGuard', 6, 'Lisinopril', 12.99, 'Antihypertensive medication', 'Take 1 tablet once daily', 1),
(26, 13, 'HypertensRelief', 5, 'Amlodipine', 10.99, 'Lowers blood pressure', 'Take 1 tablet once daily', 1),
(27, 14, 'LipidGuard', 4, 'Atorvastatin', 14.99, 'Lowers cholesterol levels', 'Take 1 tablet once daily', 1),
(28, 14, 'LipidRelief', 3, 'Simvastatin', 11.99, 'Reduces cholesterol and triglyceride levels', 'Take 1 tablet once daily', 2),
(29, 15, 'MoodStabil', 2, 'Sertraline', 13.99, 'Antidepressant medication', 'Take 1 tablet once daily', 2),
(30, 15, 'DepressRelief', 1, 'Fluoxetine', 11.99, 'Relieves symptoms of depression', 'Take 1 tablet once daily', 2),
(31, 16, 'Anxiolytic', 1, 'Alprazolam', 15.99, 'Anti-anxiety medication', 'Take 1 tablet as needed', 2),
(32, 16, 'AnxietyRelief', 2, 'Lorazepam', 12.99, 'Relieves symptoms of anxiety', 'Take 1 tablet as needed', 2),
(33, 17, 'ArthriGuard', 3, 'Ibuprofen', 7.99, 'Nonsteroidal anti-inflammatory drug for arthritis', 'Take 1 tablet every 4-6 hours', 3),
(34, 17, 'ArthriRelief', 4, 'Celecoxib', 19.99, 'Relieves arthritis pain and inflammation', 'Take 1 capsule twice daily', 3),
(35, 18, 'PainAway', 5, 'Acetaminophen', 8.99, 'Relieves mild to moderate back pain', 'Take 1-2 tablets every 4-6 hours', 4),
(36, 18, 'BackRelief', 6, 'Naproxen', 9.99, 'Reduces back pain and inflammation', 'Take 1 tablet twice daily with food', 5),
(37, 20, 'AcneClear', 7, 'Benzoyl Peroxide', 9.99, 'Topical treatment for acne', 'Apply to affected areas once daily', 5),
(38, 20, 'AcneRelief', 8, 'Salicylic Acid', 7.99, 'Reduces acne breakouts and inflammation', 'Apply to affected areas twice daily', 5),
(39, 21, 'Antidiarrheal', 9, 'Loperamide', 6.99, 'Relieves symptoms of diarrhea caused by food poisoning', 'Take 2 tablets after the first loose stool, then 1 tablet after each subsequent loose stool', 5),
(40, 21, 'ElectrolyteSolution', 10, 'Oral Rehydration Salts', 5.99, 'Replenishes fluids and electrolytes lost due to food poisoning', 'Mix contents of one packet with water and consume as directed', 5),
(41, 23, 'GastritisRelief', 11, 'Omeprazole', 11.99, 'Reduces stomach acid production for gastritis relief', 'Take 1 capsule once daily before a meal', 1),
(42, 23, 'Antacid', 12, 'Calcium Carbonate', 6.99, 'Relieves symptoms of gastritis', 'Chew 2-4 tablets as needed', 1),
(43, 24, 'Antiviral', 13, 'Oseltamivir', 19.99, 'Antiviral medication for viral infections', 'Take as directed by physician', 1),
(44, 24, 'ImmuneBooster', 14, 'Vitamin C, Zinc', 9.99, 'Boosts immune system to fight viral infections', 'Take 1 tablet once daily', 2),
(45, 25, 'NitroRelief', 15, 'Nitroglycerin', 16.99, 'Relieves angina symptoms', 'Take as directed by physician', 3),
(46, 25, 'BetaBlocker', 15, 'Metoprolol', 12.99, 'Reduces frequency and severity of angina attacks', 'Take 1 tablet once daily', 4),
(47, 27, 'Epinephrine', 14, 'Epinephrine', 49.99, 'Emergency medication for cardiac arrest', 'Administer as directed by physician', 5),
(48, 27, 'Amiodarone', 13, 'Amiodarone', 29.99, 'Antiarrhythmic medication for cardiac arrest', 'Administer as directed by physician', 5),
(50, 28, 'VertigoRelief', 12, 'Meclizine', 8.99, 'Relieves symptoms of vertigo associated with Meniere disease', 'Take 1 tablet as needed', 5),
(51, 28, 'Diuretic', 11, 'Hydrochlorothiazide', 7.99, 'Reduces fluid buildup in the inner ear', 'Take 1 tablet once daily', 1),
(52, 29, 'IronSupplement', 10, 'Iron', 6.99, 'Supplement for iron deficiency anemia', 'Take 1 tablet once daily', 1),
(53, 29, 'VitaminB12', 9, 'Vitamin B12', 9.99, 'Supplement for vitamin B12 deficiency anemia', 'Take as directed by physician', 1),
(54, 30, 'EyeDrop', 8, 'Tobramycin', 8.99, 'Antibiotic eye drops for eye infection', 'Instill 1-2 drops into the affected eye(s) every 4-6 hours', 2),
(55, 30, 'ArtificialTears', 7, 'Polyethylene Glycol', 5.99, 'Lubricating eye drops for eye infection', 'Instill 1-2 drops into the affected eye(s) as needed', 2),
(56, 31, 'EarPainRelief', 6, 'Benzocaine', 7.99, 'Provides temporary relief from ear pain associated with ear infection', 'Apply a small amount to the affected ear(s) as needed', 2),
(57, 31, 'EarDrop', 5, 'Ciprofloxacin', 10.99, 'Antibiotic ear drops for ear infection', 'Instill 3-4 drops into the affected ear(s) twice daily', 2);


-- SQLINES LICENSE FOR EVALUATION USE ONLY
INSERT INTO prescription (prescription_id, medicine_id, prescribed_at, duration, comments) 
VALUES 
(1, 19, '2023-06-21 08:40:00', '7 days', 'Take with food'),
(2, 9, '2023-06-21 09:10:00', '5 days', 'Take after meals'),
(3, 13, '2023-06-21 09:40:00', '10 days', 'Avoid alcohol'),
(4, 5, '2023-06-21 10:10:00', '3 days', 'Take with plenty of water'),
(5, 34, '2023-06-21 10:40:00', '4 days', 'Take before bedtime'),
(6, 32, '2023-06-21 11:10:00', '8 days', 'Avoid strenuous activity'),
(7, 35, '2023-06-21 11:40:00', '6 days', 'Take with milk'),
(8, 50, '2023-06-21 12:10:00', '7 days', 'Take with meals'),
(9, 41, '2023-06-21 12:40:00', '9 days', 'Avoid sunlight exposure'),
(10, 53, '2023-06-21 13:10:00', '5 days', 'Take on an empty stomach'),
(11, 20, '2023-06-21 13:40:00', '3 days', 'Take with water'),
(12, 45, '2023-06-21 14:10:00', '10 days', 'Take before meals'),
(13, 17, '2023-06-21 14:40:00', '6 days', 'Avoid caffeine'),
(14, 55, '2023-06-21 15:10:00', '4 days', 'Take with food'),
(15, 56, '2023-06-21 15:40:00', '7 days', 'Take with plenty of water'),
(16, 14, '2023-06-21 16:10:00', '9 days', 'Avoid alcohol'),
(17, 33, '2023-06-21 16:40:00', '5 days', 'Take before bedtime'),
(18, 11, '2023-06-21 17:10:00', '6 days', 'Take with meals'),
(19, 35, '2023-06-22 08:40:00', '7 days', 'Take with food'),
(20, 5, '2023-06-22 09:10:00', '5 days', 'Take after meals'),
(21, 50, '2023-06-22 09:40:00', '10 days', 'Avoid alcohol'),
(23, 33, '2023-06-22 10:40:00', '4 days', 'Take before bedtime'),
(24, 41, '2023-06-22 11:10:00', '8 days', 'Avoid strenuous activity'),
(25, 55, '2023-06-22 11:40:00', '6 days', 'Take with milk'),
(26, 44, '2023-06-22 12:10:00', '7 days', 'Take with meals'),
(27, 42, '2023-06-22 12:40:00', '9 days', 'Avoid sunlight exposure'),
(28, 32, '2023-06-22 13:10:00', '5 days', 'Take on an empty stomach'),
(31, 1, '2023-06-22 11:15:00', '5 days', 'Take on an empty stomach'),
(32, 43, '2023-06-21 16:00:00', '5 days', 'Take on an empty stomach');


-- SQLINES LICENSE FOR EVALUATION USE ONLY
INSERT INTO blood_test (blood_test_id, haemoglobin, WBC, platelets, MCV, PCV, RBC, MCH, MCHC, RDW, neutrophils, lymphocytes, monocytes, basophils, collected_at, employee_id)
VALUES (1, 14.2, 8.9, 250, 88.5, 42.1, 4.7, 32.1, 35.8, 13.5, 70.2, 25.3, 3.1, 0.8, '2023-06-21 08:00:00', 3);

-- SQLINES LICENSE FOR EVALUATION USE ONLY
INSERT INTO blood_test (blood_test_id, haemoglobin, WBC, platelets, MCV, PCV, RBC, MCH, MCHC, RDW, neutrophils, lymphocytes, monocytes, basophils, collected_at, employee_id)
VALUES (2, 13.8, 7.5, 210, 90.2, 39.8, 4.5, 30.9, 34.7, 13.9, 69.8, 26.1, 2.9, 0.7, '2023-06-21 08:30:00', 3);

-- SQLINES LICENSE FOR EVALUATION USE ONLY
INSERT INTO blood_test (blood_test_id, haemoglobin, WBC, platelets, MCV, PCV, RBC, MCH, MCHC, RDW, neutrophils, lymphocytes, monocytes, basophils, collected_at, employee_id)
VALUES (3, 14.5, 9.2, 240, 89.1, 41.5, 4.8, 33.4, 36.2, 13.1, 71.3, 24.9, 3.4, 0.6, '2023-06-21 09:00:00', 3);

-- SQLINES LICENSE FOR EVALUATION USE ONLY
INSERT INTO blood_test (blood_test_id, haemoglobin, WBC, platelets, MCV, PCV, RBC, MCH, MCHC, RDW, neutrophils, lymphocytes, monocytes, basophils, collected_at, employee_id)
VALUES (4, 14.1, 8.7, 255, 87.9, 42.3, 4.6, 31.6, 35.4, 14.2, 69.9, 26.7, 3.2, 0.5, '2023-06-21 09:30:00', 3);

-- SQLINES LICENSE FOR EVALUATION USE ONLY
INSERT INTO blood_test (blood_test_id, haemoglobin, WBC, platelets, MCV, PCV, RBC, MCH, MCHC, RDW, neutrophils, lymphocytes, monocytes, basophils, collected_at, employee_id)
VALUES (5, 13.9, 7.9, 220, 91.7, 39.2, 4.4, 29.8, 34.1, 14.5, 70.1, 27.5, 3.1, 0.4, '2023-06-21 10:00:00', 3);

-- SQLINES LICENSE FOR EVALUATION USE ONLY
INSERT INTO blood_test (blood_test_id, haemoglobin, WBC, platelets, MCV, PCV, RBC, MCH, MCHC, RDW, neutrophils, lymphocytes, monocytes, basophils, collected_at, employee_id)
VALUES (6, 14.3, 9.1, 230, 88.6, 41.9, 4.7, 32.9, 35.9, 13.3, 71.5, 25.1, 3.5, 0.6, '2023-06-21 10:30:00', 3);

-- SQLINES LICENSE FOR EVALUATION USE ONLY
INSERT INTO blood_test (blood_test_id, haemoglobin, WBC, platelets, MCV, PCV, RBC, MCH, MCHC, RDW, neutrophils, lymphocytes, monocytes, basophils, collected_at, employee_id)
VALUES (7, 14.0, 8.5, 245, 88.1, 42.2, 4.6, 31.1, 35.3, 14.1, 70.3, 26.3, 3.3, 0.7, '2023-06-21 11:00:00', 3);

-- SQLINES LICENSE FOR EVALUATION USE ONLY
INSERT INTO blood_test (blood_test_id, haemoglobin, WBC, platelets, MCV, PCV, RBC, MCH, MCHC, RDW, neutrophils, lymphocytes, monocytes, basophils, collected_at, employee_id)
VALUES (8, 13.7, 7.7, 215, 90.4, 39.6, 4.4, 30.3, 34.9, 14.3, 69.7, 26.9, 2.8, 0.6, '2023-06-21 11:30:00', 3);

-- SQLINES LICENSE FOR EVALUATION USE ONLY
INSERT INTO blood_test (blood_test_id, haemoglobin, WBC, platelets, MCV, PCV, RBC, MCH, MCHC, RDW, neutrophils, lymphocytes, monocytes, basophils, collected_at, employee_id)
VALUES (9, 14.6, 9.0, 235, 89.3, 41.4, 4.8, 33.7, 36.3, 13.0, 71.7, 24.7, 3.6, 0.5, '2023-06-21 12:00:00', 3);

-- SQLINES LICENSE FOR EVALUATION USE ONLY
INSERT INTO blood_test (blood_test_id, haemoglobin, WBC, platelets, MCV, PCV, RBC, MCH, MCHC, RDW, neutrophils, lymphocytes, monocytes, basophils, collected_at, employee_id)
VALUES (11, 13.8, 8.2, 245, 87.9, 40.3, 4.5, 30.9, 35.6, 13.6, 69.2, 25.3, 3.0, 0.7, '2023-06-21 13:00:00', 26);

-- SQLINES LICENSE FOR EVALUATION USE ONLY
INSERT INTO blood_test (blood_test_id, haemoglobin, WBC, platelets, MCV, PCV, RBC, MCH, MCHC, RDW, neutrophils, lymphocytes, monocytes, basophils, collected_at, employee_id)
VALUES (12, 14.1, 8.9, 255, 88.5, 42.1, 4.7, 32.1, 35.8, 13.5, 70.1, 25.9, 3.1, 0.8, '2023-06-21 13:30:00', 26);

-- SQLINES LICENSE FOR EVALUATION USE ONLY
INSERT INTO blood_test (blood_test_id, haemoglobin, WBC, platelets, MCV, PCV, RBC, MCH, MCHC, RDW, neutrophils, lymphocytes, monocytes, basophils, collected_at, employee_id)
VALUES (13, 13.6, 7.8, 230, 90.1, 39.7, 4.4, 30.6, 34.8, 14.0, 69.5, 26.1, 2.9, 0.6, '2023-06-21 14:00:00', 26);

-- SQLINES LICENSE FOR EVALUATION USE ONLY
INSERT INTO blood_test (blood_test_id, haemoglobin, WBC, platelets, MCV, PCV, RBC, MCH, MCHC, RDW, neutrophils, lymphocytes, monocytes, basophils, collected_at, employee_id)
VALUES (14, 14.3, 9.3, 240, 89.2, 41.5, 4.8, 33.5, 36.1, 13.2, 70.9, 24.7, 3.5, 0.7, '2023-06-21 14:30:00', 26);

-- SQLINES LICENSE FOR EVALUATION USE ONLY
INSERT INTO blood_test (blood_test_id, haemoglobin, WBC, platelets, MCV, PCV, RBC, MCH, MCHC, RDW, neutrophils, lymphocytes, monocytes, basophils, collected_at, employee_id)
VALUES (15, 14.0, 8.6, 225, 88.3, 42.3, 4.6, 31.2, 35.4, 14.3, 69.8, 26.5, 3.2, 0.5, '2023-06-21 15:00:00', 26);

-- SQLINES LICENSE FOR EVALUATION USE ONLY
INSERT INTO blood_test (blood_test_id, haemoglobin, WBC, platelets, MCV, PCV, RBC, MCH, MCHC, RDW, neutrophils, lymphocytes, monocytes, basophils, collected_at, employee_id)
VALUES (16, 13.7, 7.9, 220, 90.5, 39.3, 4.4, 29.9, 34.2, 14.6, 70.0, 27.3, 3.1, 0.4, '2023-06-21 15:30:00', 26);

-- SQLINES LICENSE FOR EVALUATION USE ONLY
INSERT INTO blood_test (blood_test_id, haemoglobin, WBC, platelets, MCV, PCV, RBC, MCH, MCHC, RDW, neutrophils, lymphocytes, monocytes, basophils, collected_at, employee_id)
VALUES (17, 14.4, 9.2, 235, 89.4, 41.4, 4.8, 33.8, 36.2, 13.1, 71.2, 24.9, 3.6, 0.5, '2023-06-21 16:00:00', 26);

-- SQLINES LICENSE FOR EVALUATION USE ONLY
INSERT INTO blood_test (blood_test_id, haemoglobin, WBC, platelets, MCV, PCV, RBC, MCH, MCHC, RDW, neutrophils, lymphocytes, monocytes, basophils, collected_at, employee_id)
VALUES (18, 14.2, 8.7, 250, 88.7, 42.0, 4.7, 32.2, 35.7, 13.4, 70.1, 25.7, 3.3, 0.7, '2023-06-21 16:30:00', 26);

-- SQLINES LICENSE FOR EVALUATION USE ONLY
INSERT INTO blood_test (blood_test_id, haemoglobin, WBC, platelets, MCV, PCV, RBC, MCH, MCHC, RDW, neutrophils, lymphocytes, monocytes, basophils, collected_at, employee_id)
VALUES (19, 13.9, 8.1, 240, 87.9, 40.2, 4.5, 30.8, 35.5, 13.5, 69.3, 25.5, 3.0, 0.8, '2023-06-21 17:00:00', 26);

-- SQLINES LICENSE FOR EVALUATION USE ONLY
INSERT INTO blood_test (blood_test_id, haemoglobin, WBC, platelets, MCV, PCV, RBC, MCH, MCHC, RDW, neutrophils, lymphocytes, monocytes, basophils, collected_at, employee_id)
VALUES (21, 14.3, 8.9, 230, 88.6, 41.9, 4.7, 32.9, 35.9, 13.3, 71.5, 25.1, 3.5, 0.6, '2023-06-22 08:00:00', 7);

-- SQLINES LICENSE FOR EVALUATION USE ONLY
INSERT INTO blood_test (blood_test_id, haemoglobin, WBC, platelets, MCV, PCV, RBC, MCH, MCHC, RDW, neutrophils, lymphocytes, monocytes, basophils, collected_at, employee_id)
VALUES (22, 13.9, 8.5, 245, 88.1, 42.2, 4.6, 31.1, 35.3, 14.1, 70.3, 26.3, 3.3, 0.7, '2023-06-22 08:30:00', 7);

-- SQLINES LICENSE FOR EVALUATION USE ONLY
INSERT INTO blood_test (blood_test_id, haemoglobin, WBC, platelets, MCV, PCV, RBC, MCH, MCHC, RDW, neutrophils, lymphocytes, monocytes, basophils, collected_at, employee_id)
VALUES (23, 13.6, 7.7, 215, 90.4, 39.6, 4.4, 30.3, 34.9, 14.3, 69.7, 26.9, 2.8, 0.6, '2023-06-22 09:00:00', 7);

-- SQLINES LICENSE FOR EVALUATION USE ONLY
INSERT INTO blood_test (blood_test_id, haemoglobin, WBC, platelets, MCV, PCV, RBC, MCH, MCHC, RDW, neutrophils, lymphocytes, monocytes, basophils, collected_at, employee_id)
VALUES (24, 14.1, 9.0, 235, 89.3, 41.4, 4.8, 33.7, 36.3, 13.0, 71.7, 24.7, 3.6, 0.5, '2023-06-22 09:30:00', 7);

-- SQLINES LICENSE FOR EVALUATION USE ONLY
INSERT INTO blood_test (blood_test_id, haemoglobin, WBC, platelets, MCV, PCV, RBC, MCH, MCHC, RDW, neutrophils, lymphocytes, monocytes, basophils, collected_at, employee_id)
VALUES (25, 14.2, 8.8, 260, 88.7, 42.0, 4.7, 32.2, 35.7, 13.4, 70.0, 25.5, 3.4, 0.7, '2023-06-22 10:00:00', 7);

-- SQLINES LICENSE FOR EVALUATION USE ONLY
INSERT INTO blood_test (blood_test_id, haemoglobin, WBC, platelets, MCV, PCV, RBC, MCH, MCHC, RDW, neutrophils, lymphocytes, monocytes, basophils, collected_at, employee_id)
VALUES (26, 16.5, 8.2, 250, 88.4, 41.6, 4.7, 32.4, 35.6, 13.2, 70.3, 25.7, 3.2, 0.6, '2023-06-22 10:30:00', 25);

-- SQLINES LICENSE FOR EVALUATION USE ONLY
INSERT INTO blood_test (blood_test_id, haemoglobin, WBC, platelets, MCV, PCV, RBC, MCH, MCHC, RDW, neutrophils, lymphocytes, monocytes, basophils, collected_at, employee_id)
VALUES (27, 13.8, 8.6, 240, 88.2, 42.1, 4.6, 31.7, 35.2, 13.5, 69.8, 26.1, 3.1, 0.7, '2023-06-22 11:00:00', 25);

-- SQLINES LICENSE FOR EVALUATION USE ONLY
INSERT INTO blood_test (blood_test_id, haemoglobin, WBC, platelets, MCV, PCV, RBC, MCH, MCHC, RDW, neutrophils, lymphocytes, monocytes, basophils, collected_at, employee_id)
VALUES (28, 14.2, 8.3, 230, 90.1, 39.9, 4.4, 30.8, 34.6, 14.0, 69.5, 26.3, 2.9, 0.6, '2023-06-22 11:30:00', 25);

-- SQLINES LICENSE FOR EVALUATION USE ONLY
INSERT INTO blood_test (blood_test_id, haemoglobin, WBC, platelets, MCV, PCV, RBC, MCH, MCHC, RDW, neutrophils, lymphocytes, monocytes, basophils, collected_at, employee_id)
VALUES (29, 14.0, 8.5, 245, 88.7, 42.3, 4.7, 31.2, 35.4, 13.8, 70.0, 26.0, 3.0, 0.6, '2023-06-22 12:00:00', 25);

-- SQLINES LICENSE FOR EVALUATION USE ONLY
INSERT INTO blood_test (blood_test_id, haemoglobin, WBC, platelets, MCV, PCV, RBC, MCH, MCHC, RDW, neutrophils, lymphocytes, monocytes, basophils, collected_at, employee_id)
VALUES (30, 13.9, 6.7, 240, 89.4, 41.9, 4.8, 33.3, 36.1, 13.3, 70.5, 25.9, 3.2, 0.7, '2023-06-22 12:30:00', 25);


-- SQLINES LICENSE FOR EVALUATION USE ONLY
INSERT INTO urinalysis (urinalysis_id, pH, specific_gravity, glucose, protein, bilirubin, urobilinogen, blood, ketone, nitrite, leukocytes, ascorbic_acid, clarity, color, collected_at, employee_id)
VALUES (1, 6.0, 1.020, 0.5, 0.1, 0.0, 0.2, 0.1, 0.0, 0.0, 1.0, 0.0, 'clear', 'light yellow', '2023-06-21 08:05:00', 17);

-- SQLINES LICENSE FOR EVALUATION USE ONLY
INSERT INTO urinalysis (urinalysis_id, pH, specific_gravity, glucose, protein, bilirubin, urobilinogen, blood, ketone, nitrite, leukocytes, ascorbic_acid, clarity, color, collected_at, employee_id)
VALUES (2, 5.5, 1.015, 0.2, 0.0, 0.0, 0.1, 0.0, 0.0, 0.0, 0.5, 0.0, 'clear', 'light yellow', '2023-06-21 08:35:00', 17);

-- SQLINES LICENSE FOR EVALUATION USE ONLY
INSERT INTO urinalysis (urinalysis_id, pH, specific_gravity, glucose, protein, bilirubin, urobilinogen, blood, ketone, nitrite, leukocytes, ascorbic_acid, clarity, color, collected_at, employee_id)
VALUES (3, 6.5, 1.025, 0.1, 0.0, 0.0, 0.0, 0.0, 0.0, 0.0, 0.2, 0.0, 'slightly cloudy', 'pale yellow', '2023-06-21 09:05:00', 17);

-- SQLINES LICENSE FOR EVALUATION USE ONLY
INSERT INTO urinalysis (urinalysis_id, pH, specific_gravity, glucose, protein, bilirubin, urobilinogen, blood, ketone, nitrite, leukocytes, ascorbic_acid, clarity, color, collected_at, employee_id)
VALUES (4, 6.0, 1.020, 0.3, 0.1, 0.0, 0.1, 0.1, 0.0, 0.0, 0.8, 0.0, 'clear', 'light yellow', '2023-06-21 09:35:00', 17);

-- SQLINES LICENSE FOR EVALUATION USE ONLY
INSERT INTO urinalysis (urinalysis_id, pH, specific_gravity, glucose, protein, bilirubin, urobilinogen, blood, ketone, nitrite, leukocytes, ascorbic_acid, clarity, color, collected_at, employee_id)
VALUES (5, 6.5, 1.018, 0.1, 0.0, 0.0, 0.0, 0.0, 0.0, 0.0, 0.2, 0.0, 'clear', 'pale yellow', '2023-06-21 10:05:00', 17);

-- SQLINES LICENSE FOR EVALUATION USE ONLY
INSERT INTO urinalysis (urinalysis_id, pH, specific_gravity, glucose, protein, bilirubin, urobilinogen, blood, ketone, nitrite, leukocytes, ascorbic_acid, clarity, color, collected_at, employee_id)
VALUES (6, 6.2, 1.022, 0.2, 0.0, 0.0, 0.1, 0.0, 0.0, 0.0, 0.4, 0.0, 'slightly cloudy', 'light yellow', '2023-06-21 10:35:00', 17);

-- SQLINES LICENSE FOR EVALUATION USE ONLY
INSERT INTO urinalysis (urinalysis_id, pH, specific_gravity, glucose, protein, bilirubin, urobilinogen, blood, ketone, nitrite, leukocytes, ascorbic_acid, clarity, color, collected_at, employee_id)
VALUES (7, 6.0, 1.020, 0.3, 0.1, 0.0, 0.1, 0.1, 0.0, 0.0, 0.7, 0.0, 'clear', 'light yellow', '2023-06-21 11:05:00', 17);

-- SQLINES LICENSE FOR EVALUATION USE ONLY
INSERT INTO urinalysis (urinalysis_id, pH, specific_gravity, glucose, protein, bilirubin, urobilinogen, blood, ketone, nitrite, leukocytes, ascorbic_acid, clarity, color, collected_at, employee_id)
VALUES (8, 5.5, 1.015, 0.1, 0.0, 0.0, 0.0, 0.0, 0.0, 0.0, 0.3, 0.0, 'clear', 'light yellow', '2023-06-21 11:35:00', 17);

-- SQLINES LICENSE FOR EVALUATION USE ONLY
INSERT INTO urinalysis (urinalysis_id, pH, specific_gravity, glucose, protein, bilirubin, urobilinogen, blood, ketone, nitrite, leukocytes, ascorbic_acid, clarity, color, collected_at, employee_id)
VALUES (9, 6.5, 1.025, 0.1, 0.0, 0.0, 0.0, 0.0, 0.0, 0.0, 0.1, 0.0, 'slightly cloudy', 'pale yellow', '2023-06-21 12:05:00', 17);

-- SQLINES LICENSE FOR EVALUATION USE ONLY
INSERT INTO urinalysis (urinalysis_id, pH, specific_gravity, glucose, protein, bilirubin, urobilinogen, blood, ketone, nitrite, leukocytes, ascorbic_acid, clarity, color, collected_at, employee_id)
VALUES (11, 6.5, 1.022, 0.1, 0.0, 0.0, 0.0, 0.0, 0.0, 0.0, 0.2, 0.0, 'clear', 'pale yellow', '2023-06-21 13:05:00', 17);

-- SQLINES LICENSE FOR EVALUATION USE ONLY
INSERT INTO urinalysis (urinalysis_id, pH, specific_gravity, glucose, protein, bilirubin, urobilinogen, blood, ketone, nitrite, leukocytes, ascorbic_acid, clarity, color, collected_at, employee_id)
VALUES (12, 6.2, 1.020, 0.2, 0.1, 0.0, 0.1, 0.1, 0.0, 0.0, 0.5, 0.0, 'slightly cloudy', 'light yellow', '2023-06-21 13:35:00', 17);

-- SQLINES LICENSE FOR EVALUATION USE ONLY
INSERT INTO urinalysis (urinalysis_id, pH, specific_gravity, glucose, protein, bilirubin, urobilinogen, blood, ketone, nitrite, leukocytes, ascorbic_acid, clarity, color, collected_at, employee_id)
VALUES (13, 6.0, 1.020, 0.3, 0.1, 0.0, 0.1, 0.1, 0.0, 0.0, 0.8, 0.0, 'clear', 'light yellow', '2023-06-21 14:05:00', 17);

-- SQLINES LICENSE FOR EVALUATION USE ONLY
INSERT INTO urinalysis (urinalysis_id, pH, specific_gravity, glucose, protein, bilirubin, urobilinogen, blood, ketone, nitrite, leukocytes, ascorbic_acid, clarity, color, collected_at, employee_id)
VALUES (14, 5.5, 1.015, 0.1, 0.0, 0.0, 0.0, 0.0, 0.0, 0.0, 0.3, 0.0, 'clear', 'light yellow', '2023-06-21 14:35:00', 17);

-- SQLINES LICENSE FOR EVALUATION USE ONLY
INSERT INTO urinalysis (urinalysis_id, pH, specific_gravity, glucose, protein, bilirubin, urobilinogen, blood, ketone, nitrite, leukocytes, ascorbic_acid, clarity, color, collected_at, employee_id)
VALUES (15, 6.5, 1.025, 0.1, 0.0, 0.0, 0.0, 0.0, 0.0, 0.0, 0.1, 0.0, 'slightly cloudy', 'pale yellow', '2023-06-21 15:05:00', 17);

-- SQLINES LICENSE FOR EVALUATION USE ONLY
INSERT INTO urinalysis (urinalysis_id, pH, specific_gravity, glucose, protein, bilirubin, urobilinogen, blood, ketone, nitrite, leukocytes, ascorbic_acid, clarity, color, collected_at, employee_id)
VALUES (16, 6.0, 1.020, 0.2, 0.1, 0.0, 0.1, 0.1, 0.0, 0.0, 0.6, 0.0, 'clear', 'light yellow', '2023-06-21 15:35:00', 17);

-- SQLINES LICENSE FOR EVALUATION USE ONLY
INSERT INTO urinalysis (urinalysis_id, pH, specific_gravity, glucose, protein, bilirubin, urobilinogen, blood, ketone, nitrite, leukocytes, ascorbic_acid, clarity, color, collected_at, employee_id)
VALUES (17, 6.5, 1.022, 0.1, 0.0, 0.0, 0.0, 0.0, 0.0, 0.0, 0.2, 0.0, 'clear', 'pale yellow', '2023-06-21 16:05:00', 17);

-- SQLINES LICENSE FOR EVALUATION USE ONLY
INSERT INTO urinalysis (urinalysis_id, pH, specific_gravity, glucose, protein, bilirubin, urobilinogen, blood, ketone, nitrite, leukocytes, ascorbic_acid, clarity, color, collected_at, employee_id)
VALUES (18, 6.2, 1.020, 0.2, 0.1, 0.0, 0.1, 0.1, 0.0, 0.0, 0.5, 0.0, 'slightly cloudy', 'light yellow', '2023-06-21 16:35:00', 17);

-- SQLINES LICENSE FOR EVALUATION USE ONLY
INSERT INTO urinalysis (urinalysis_id, pH, specific_gravity, glucose, protein, bilirubin, urobilinogen, blood, ketone, nitrite, leukocytes, ascorbic_acid, clarity, color, collected_at, employee_id)
VALUES (19, 6.0, 1.020, 0.3, 0.1, 0.0, 0.1, 0.1, 0.0, 0.0, 0.8, 0.0, 'clear', 'light yellow', '2023-06-21 17:05:00', 17);

-- SQLINES LICENSE FOR EVALUATION USE ONLY
INSERT INTO urinalysis (urinalysis_id, pH, specific_gravity, glucose, protein, bilirubin, urobilinogen, blood, ketone, nitrite, leukocytes, ascorbic_acid, clarity, color, collected_at, employee_id)
VALUES (21, 6.2, 1.022, 0.1, 0.0, 0.0, 0.0, 0.0, 0.0, 0.0, 0.2, 0.0, 'clear', 'pale yellow', '2023-06-22 08:05:00', 24);

-- SQLINES LICENSE FOR EVALUATION USE ONLY
INSERT INTO urinalysis (urinalysis_id, pH, specific_gravity, glucose, protein, bilirubin, urobilinogen, blood, ketone, nitrite, leukocytes, ascorbic_acid, clarity, color, collected_at, employee_id)
VALUES (22, 6.0, 1.020, 0.2, 0.1, 0.0, 0.1, 0.1, 0.0, 0.0, 0.5, 0.0, 'slightly cloudy', 'light yellow', '2023-06-22 08:35:00', 24);

-- SQLINES LICENSE FOR EVALUATION USE ONLY
INSERT INTO urinalysis (urinalysis_id, pH, specific_gravity, glucose, protein, bilirubin, urobilinogen, blood, ketone, nitrite, leukocytes, ascorbic_acid, clarity, color, collected_at, employee_id)
VALUES (23, 5.5, 1.015, 0.1, 0.0, 0.0, 0.0, 0.0, 0.0, 0.0, 0.3, 0.0, 'clear', 'light yellow', '2023-06-22 09:05:00', 24);

-- SQLINES LICENSE FOR EVALUATION USE ONLY
INSERT INTO urinalysis (urinalysis_id, pH, specific_gravity, glucose, protein, bilirubin, urobilinogen, blood, ketone, nitrite, leukocytes, ascorbic_acid, clarity, color, collected_at, employee_id)
VALUES (24, 6.5, 1.025, 0.1, 0.0, 0.0, 0.0, 0.0, 0.0, 0.0, 0.1, 0.0, 'slightly cloudy', 'pale yellow', '2023-06-22 09:35:00', 24);

-- SQLINES LICENSE FOR EVALUATION USE ONLY
INSERT INTO urinalysis (urinalysis_id, pH, specific_gravity, glucose, protein, bilirubin, urobilinogen, blood, ketone, nitrite, leukocytes, ascorbic_acid, clarity, color, collected_at, employee_id)
VALUES (25, 6.0, 1.020, 0.2, 0.1, 0.0, 0.1, 0.1, 0.0, 0.0, 0.6, 0.0, 'clear', 'light yellow', '2023-06-22 10:05:00', 24);

-- SQLINES LICENSE FOR EVALUATION USE ONLY
INSERT INTO urinalysis (urinalysis_id, pH, specific_gravity, glucose, protein, bilirubin, urobilinogen, blood, ketone, nitrite, leukocytes, ascorbic_acid, clarity, color, collected_at, employee_id)
VALUES (26, 6.2, 1.022, 0.5, 0.1, 0.0, 0.0, 0.0, 0.0, 0.0, 0.2, 0.0, 'clear', 'pale yellow', '2023-06-22 10:35:00', 24);

-- SQLINES LICENSE FOR EVALUATION USE ONLY
INSERT INTO urinalysis (urinalysis_id, pH, specific_gravity, glucose, protein, bilirubin, urobilinogen, blood, ketone, nitrite, leukocytes, ascorbic_acid, clarity, color, collected_at, employee_id)
VALUES (27, 6.0, 1.020, 0.2, 0.1, 0.0, 0.1, 0.1, 0.0, 0.0, 0.5, 0.0, 'slightly cloudy', 'light yellow', '2023-06-22 11:05:00', 24);

-- SQLINES LICENSE FOR EVALUATION USE ONLY
INSERT INTO urinalysis (urinalysis_id, pH, specific_gravity, glucose, protein, bilirubin, urobilinogen, blood, ketone, nitrite, leukocytes, ascorbic_acid, clarity, color, collected_at, employee_id)
VALUES (28, 6.5, 1.025, 0.1, 0.5, 0.0, 0.0, 0.0, 0.0, 0.0, 0.1, 0.0, 'slightly cloudy', 'pale yellow', '2023-06-22 11:35:00', 24);

-- SQLINES LICENSE FOR EVALUATION USE ONLY
INSERT INTO urinalysis (urinalysis_id, pH, specific_gravity, glucose, protein, bilirubin, urobilinogen, blood, ketone, nitrite, leukocytes, ascorbic_acid, clarity, color, collected_at, employee_id)
VALUES (29, 6.0, 1.020, 0.1, 0.1, 0.0, 0.0, 0.0, 0.0, 0.0, 0.3, 0.0, 'clear', 'light yellow', '2023-06-22 12:05:00', 24);

-- SQLINES LICENSE FOR EVALUATION USE ONLY
INSERT INTO urinalysis (urinalysis_id, pH, specific_gravity, glucose, protein, bilirubin, urobilinogen, blood, ketone, nitrite, leukocytes, ascorbic_acid, clarity, color, collected_at, employee_id)
VALUES (30, 6.2, 1.022, 0.1, 0.1, 0.0, 0.0, 0.0, 0.0, 0.0, 0.2, 0.0, 'clear', 'pale yellow', '2023-06-22 12:35:00', 24); 


-- SQLINES LICENSE FOR EVALUATION USE ONLY
INSERT INTO lab (lab_id, blood_test_id, urinalysis_id) 
VALUES
(100, 1, 1),
(101, 2, 2),
(102, 3, 3),
(103, 4, 4),
(104, 5, 5),
(105, 6, 6),
(106, 7, 7),
(107, 8, 8),
(108, 9, 9),
(110, 11, 11),
(111, 12, 12),
(112, 13, 13),
(113, 14, 14),
(114, 15, 15),
(115, 16, 16),
(116, 17, 17),
(117, 18, 18),
(118, 19, 19),
(120, 21, 21),
(121, 22, 22),
(122, 23, 23),
(123, 24, 24),
(124, 25, 25),
(125, 26, 26),
(126, 27, 27),
(127, 28, 28),
(128, 29, 29),
(129, 30, 30);


-- SQLINES LICENSE FOR EVALUATION USE ONLY
INSERT INTO appointment (appointment_id, appointment_type_id, hospital_id, created_at, scheduled_for, patient_concern, patient_vitals_id, patient_id, doctor_id, lab_id, appointment_status_id)
VALUES
(1, 1, 21, '2023-06-20 09:00:00', '2023-06-21 08:15:00', 'The patient is experiencing a severe headache.', 1, 1, 1, 100, 4),
(2, 1, 21, '2023-04-20 09:15:00', '2023-04-21 08:45:00', 'The patient is experiencing stomachache and nausea.', 2, 2, 7, 101, 4),
(3, 1, 21, '2023-05-20 09:30:00', '2023-05-21 09:15:00', 'The patient has a high fever and sore throat.', 3, 2, 7, 102, 4),
(4, 1, 21, '2023-06-20 09:45:00', '2023-06-21 09:45:00', 'The patient has a persistent cough and difficulty breathing.', 4, 2, 7, 103, 4),
(5, 1, 21, '2023-06-20 10:00:00', '2023-06-21 10:15:00', 'The patient is experiencing joint pain and stiffness.', 5, 5, 1, 104, 4),
(6, 1, 21, '2023-06-20 10:15:00', '2023-06-21 10:45:00', 'The patient has difficulty sleeping and feels anxious.', 6, 6, 7, 105, 4),
(7, 1, 21, '2023-06-20 10:30:00', '2023-06-21 11:15:00', 'The patient has persistent back pain and muscle spasms.', 7, 7, 1, 106, 4),
(8, 1, 21, '2023-04-02 10:45:00', '2023-04-02 11:45:00', 'The patient is experiencing dizziness and lightheadedness.', 8, 8, 1, 107, 4),
(9, 1, 21, '2023-04-25 11:00:00', '2023-04-26 12:15:00', 'The patient has digestive problems and frequent heartburn.', 9, 8, 1, 108, 4),
(10, 1, 21, '2023-06-20 11:15:00', '2023-06-21 13:15:00', 'The patient is experiencing fatigue and lack of energy.', 10, 10, 7, 110, 4),
(11, 1, 21, '2023-06-20 11:30:00', '2023-06-21 13:45:00', 'The patient has frequent migraines and sensitivity to light.', 11, 11, 1, 111, 4),
(12, 1, 21, '2023-06-20 11:45:00', '2023-06-21 14:15:00', 'The patient is experiencing chest pain and shortness of breath.', 12, 12, 7, 112, 4),
(13, 1, 21, '2023-06-20 12:00:00', '2023-06-21 14:45:00', 'The patient has a skin rash and itching.', 13, 13, 1, 113, 4),
(14, 1, 21, '2023-06-20 12:15:00', '2023-06-21 15:15:00', 'The patient is experiencing vision problems and eye pain.', 14, 14, 7, 114, 4),
(15, 1, 21, '2023-06-20 12:30:00', '2023-06-21 15:45:00', 'The patient has difficulty hearing and earache.', 15, 15, 1, 115, 4),
(16, 1, 21, '2023-06-20 12:45:00', '2023-06-21 16:15:00', 'The patient has a sore throat and difficulty swallowing.', 16, 16, 7, 116, 4),
(17, 1, 21, '2023-06-20 13:00:00', '2023-06-21 16:45:00', 'The patient is experiencing joint pain and stiffness.', 17, 17, 1, 117, 4),
(18, 1, 21, '2023-06-20 13:15:00', '2023-06-21 17:15:00', 'The patient has frequent urination and abdominal pain.', 18, 18, 7, 118, 4),
(19, 1, 25, '2023-02-21 10:00:00', '2023-02-22 08:15:00', 'The patient is experiencing severe back pain and difficulty in movement.', 19, 19, 6, 120, 4),
(20, 1, 25, '2023-03-21 10:15:00', '2023-03-23 08:45:00', 'The patient has persistent cough and chest congestion.', 20, 19, 6, 121, 4),
(21, 1, 25, '2023-04-21 10:30:00', '2023-04-22 09:15:00', 'The patient is experiencing dizziness and lightheadedness.', 21, 19, 6, 122, 4),
(22, 1, 25, '2023-05-11 10:45:00', '2023-05-12 09:45:00', 'The patient has frequent nosebleeds and difficulty in stopping bleeding.', 22, 19, 6, 123, 4),
(23, 1, 25, '2023-06-21 11:00:00', '2023-06-22 10:15:00', 'The patient is experiencing joint pain and stiffness in multiple joints.', 23, 23, 6, 124, 4),
(24, 1, 25, '2023-06-21 11:15:00', '2023-06-22 10:45:00', 'The patient has difficulty in swallowing and persistent heartburn.', 24, 24, 6, 125, 4),
(25, 1, 25, '2023-06-21 11:30:00', '2023-06-22 11:15:00', 'The patient is experiencing blurred vision and eye pain.', 25, 25, 6, 126, 4),
(26, 1, 25, '2023-06-21 11:45:00', '2023-06-22 11:45:00', 'The patient has persistent fatigue and unexplained weight loss.', 26, 26, 6, 127, 4),
(27, 1, 25, '2023-06-21 12:00:00', '2023-06-22 13:15:00', 'The patient has frequent indigestion and abdominal discomfort.', 27, 27, 6, 128, 4),
(28, 1, 25, '2023-06-21 12:15:00', '2023-06-22 13:45:00', 'The patient is experiencing severe anxiety and panic attacks.', 28, 27, 6, 129, 4),
(29, 3, 22, '2023-05-20 09:37:00', '2023-06-20 10:00:00', 'Follow-up for ACL reconstruction surgery.', 34, 34, 11, NULL, 4),
(30, 3, 22, '2023-05-19 12:43:00', '2023-06-19 09:00:00', 'Follow-up for ACL reconstruction surgery.', 35, 35, 12, NULL, 4),
(33, 2, 26, '2023-06-21 15:08:00', '2023-06-22 11:05:00', 'The patient has a dry cough and sore throat.', 32, 49, 5, NULL, 4),
(34, 2, 26, '2023-06-20 16:33:00', '2023-06-21 15:45:00', 'The patient has a mild stomachache and frequent diarrhea.', 33, 50, 5, NULL, 4),
(600, 4, 25, '2023-06-22 20:53:00', '2023-06-22 20:54:00', 'The patient collapsed on the street and was taken to the ER.', NULL, 32, 6, NULL, 4),
(601, 4, 25, '2023-06-22 23:12:00', '2023-06-22 23:13:00', 'The patient has 3 stab wounds and was taken to the ER.', NULL, 33, 6, NULL, 4),
(100, 1, 21, '2023-06-20 17:05:00', '2023-06-21 17:00:00', 'The patient has a stuffy nose and headaches.', NULL, 29, 7, NULL, 3),
(101, 1, 25, '2023-06-21 09:20:00', '2023-06-22 14:00:00', 'The patient experiences general fatigue and loss of appetite.', NULL, 30, 6, NULL, 3),
(200, 1, 25, '2023-06-22 08:17:00', '2023-06-22 10:00:00', 'The patient has a slight fever and some mild body cramps.', NULL, 31, 6, NULL, 2),
(31, 3, 32, '2023-06-20 13:21:00', '2023-07-20 11:30:00', 'Follow-up for craniotomy (hematoma removal) surgery.', NULL, 37, 13, NULL, 1),
(32, 3, 23, '2023-06-21 15:08:00', '2023-07-21 08:15:00', 'Follow-up for esophagus removal surgery.', NULL, 38, 14, NULL, 1),
(35, 2, 26, '2023-06-22 14:57:00', '2023-06-23 09:00:00', 'The patient has a rash/irritation on left leg.', NULL, 51, 5, NULL, 1),
(36, 2, 26, '2023-06-23 08:02:00', '2023-06-23 10:45:00', 'The patient has a prolonged loss of appetite.', NULL, 52, 5, NULL, 1);


-- SQLINES LICENSE FOR EVALUATION USE ONLY
INSERT INTO appointment_diagnosis (appointment_id, diagnosis_code)
VALUES
(1, 10),
(2, 5),
(3, 7),
(4, 3),
(5, 17),
(6, 16),
(7, 18),
(8, 28),
(9, 23),
(10, 29),
(11, 10),
(12, 25),
(13, 9),
(14, 30),
(15, 31),
(16, 7),
(17, 17),
(18, 6),
(19, 18),
(20, 3),
(21, 28),
(22, 26),
(23, 17),
(24, 23),
(25, 30),
(26, 24),
(27, 23),
(28, 16),
(29, 32),
(30, 32),
(33, 1),
(34, 24),
(600, 26),
(601, 26);


-- SQLINES LICENSE FOR EVALUATION USE ONLY
INSERT INTO appointment_prescription (appointment_id, prescription_id) 
VALUES 
(1, 1),
(2, 2),
(3, 3),
(4, 4),
(5, 5),
(6, 6),
(7, 7),
(8, 8),
(9, 9),
(10, 10),
(11, 11),
(12, 12),
(13, 13),
(14, 14),
(15, 15),
(16, 16),
(17, 17),
(18, 18),
(19, 19),
(20, 20),
(21, 21),
(22, 21),
(23, 23),
(24, 24),
(25, 25),
(26, 26),
(27, 27),
(28, 28),
(29, 28),
(30, 28),
(33, 31),
(34, 32),
(600, 28),
(601, 28);


-- SQLINES LICENSE FOR EVALUATION USE ONLY
INSERT INTO bill (bill_no, appointment_id, doctor_charge, room_charge, operation_charge, nursing_charge, lab_charge, total_charge, is_insurance_covered, issued_at, closed_at)
VALUES
(1, 1, 125, 0, 0, 60, 110, 295, '1', '2023-06-21 08:42:00', '2023-06-21 08:44:00'),
(2, 2, 140, 0, 0, 65, 120, 325, '1', '2023-06-21 09:12:00', '2023-06-21 09:14:00'),
(3, 3, 105, 0, 0, 70, 115, 290, '1', '2023-06-21 09:42:00', '2023-06-21 09:44:00'),
(4, 4, 135, 0, 0, 55, 125, 315, '1', '2023-06-21 10:12:00', '2023-06-21 10:14:00'),
(5, 5, 120, 0, 0, 50, 110, 280, '1', '2023-06-21 10:42:00', '2023-06-21 10:44:00'),
(6, 6, 145, 0, 0, 75, 120, 340, '1', '2023-06-21 11:12:00', '2023-06-21 11:14:00'),
(7, 7, 110, 0, 0, 70, 115, 295, '1', '2023-06-21 11:42:00', '2023-06-21 11:44:00'),
(8, 8, 130, 0, 0, 75, 125, 330, '1', '2023-06-21 12:12:00', '2023-06-21 12:14:00'),
(9, 9, 115, 0, 0, 50, 110, 275, '1', '2023-06-21 12:42:00', '2023-06-21 12:44:00'),
(10, 10, 150, 0, 0, 60, 120, 330, '1', '2023-06-21 13:12:00', '2023-06-21 13:14:00'),
(11, 11, 125, 0, 0, 65, 115, 305, '1', '2023-06-21 13:42:00', '2023-06-21 13:44:00'),
(12, 12, 140, 0, 0, 70, 125, 335, '1', '2023-06-21 14:12:00', '2023-06-21 14:14:00'),
(13, 13, 105, 0, 0, 55, 110, 270, '1', '2023-06-21 14:42:00', '2023-06-21 14:44:00'),
(14, 14, 135, 0, 0, 50, 120, 305, '1', '2023-06-21 15:12:00', '2023-06-21 15:14:00'),
(15, 15, 120, 0, 0, 75, 115, 310, '1', '2023-06-21 15:42:00', '2023-06-21 15:44:00'),
(16, 16, 145, 0, 0, 70, 125, 340, '1', '2023-06-21 16:12:00', '2023-06-21 16:14:00'),
(17, 17, 110, 0, 0, 75, 110, 295, '1', '2023-06-21 16:42:00', '2023-06-21 16:44:00'),
(18, 18, 130, 0, 0, 60, 120, 310, '1', '2023-06-21 17:12:00', '2023-06-21 17:14:00'),
(19, 19, 125, 0, 0, 70, 130, 325, '1', '2023-06-22 08:42:00', '2023-06-22 08:44:00'),
(20, 20, 145, 0, 0, 75, 140, 360, '1', '2023-06-22 09:12:00', '2023-06-22 09:14:00'),
(21, 21, 120, 0, 0, 60, 120, 300, '1', '2023-06-22 09:42:00', '2023-06-22 09:44:00'),
(22, 22, 135, 750, 1250, 80, 130, 2345, '1', '2023-06-22 10:12:00', '2023-06-22 10:14:00'),
(23, 23, 130, 0, 0, 65, 120, 315, '1', '2023-06-22 10:42:00', '2023-06-22 10:44:00'),
(24, 24, 160, 0, 0, 70, 140, 370, '1', '2023-06-22 11:12:00', '2023-06-22 11:14:00'),
(25, 25, 115, 0, 0, 60, 120, 295, '1', '2023-06-22 11:42:00', '2023-06-22 11:44:00'),
(26, 26, 140, 0, 0, 75, 130, 345, '1', '2023-06-22 12:12:00', '2023-06-22 12:14:00'),
(27, 27, 110, 0, 0, 80, 120, 310, '1', '2023-06-22 12:42:00', '2023-06-22 12:44:00'),
(28, 28, 150, 0, 0, 65, 140, 355, '1', '2023-06-22 13:12:00', '2023-06-22 13:14:00'),
(29, 29, 50, 0, 0, 0, 0, 50, '1', '2023-06-20 10:23:00', '2023-06-20 10:26:00'),
(30, 30, 55, 0, 0, 0, 0, 55, '1', '2023-06-19 09:12:00', '2023-06-19 09:37:00'),
(31, 33, 250, 0, 0, 100, 0, 350, '0', '2023-06-22 15:31:00', '2023-06-22 15:36:00'),
(32, 34, 195, 0, 0, 105, 0, 300, '0', '2023-06-21 16:58:00', '2023-06-21 17:02:00'),
(33, 600, 89000, 27000, 125500, 53000, NULL, 294500, '0', '2023-06-23 09:03:00', NULL),
(34, 601, 97000, 35000, 267000, 73000, NULL, 472000, '1', '2023-06-23 15:29:00', '2023-06-23 16:07:00');


-- SQLINES LICENSE FOR EVALUATION USE ONLY
INSERT INTO admittance_reason (admittance_reason_id, reason, description)
VALUES 
(1, 'Surgery Preparation', 'Patient admitted to prepare for an upcoming surgical procedure(s),'),
(2, 'Child Birth', 'Patient admitted for child birth and related procedures.'),
(3, 'Mental Health Issues', 'Patient admitted due to psychological status and related concerns.'),
(4, 'Pediatrics', 'Young patient admitted for medical procedures.'),
(5, 'Oncology', 'Patient admitted for chemotherapy or other oncological procedures.');


-- SQLINES LICENSE FOR EVALUATION USE ONLY
INSERT INTO admittance (admittance_id, patient_id, admitted_at, discharged_at, room, hospital_id, admittance_reason_id, duration_in_days)
VALUES 
(1, 39, '2023-06-10 08:00:00', '2023-06-22 10:26:00', '350-A', 21, 1, 12),
(2, 40, '2023-06-16 15:00:00', '2023-06-20 09:03:00', 'W-05', 30, 1, 4),
(3, 41, '2023-06-15 07:30:00', '2023-06-21 14:17:00', 'LH-102', 32, 2, 6),
(4, 42, '2023-06-18 18:30:00', '2023-06-21 16:34:00', '303', 31, 1, 3),
(5, 43, '2023-06-02 21:47:00', '2023-06-20 12:28:00', 'P-53', 29, 3, 18),
(6, 51, '2023-06-11 09:15:00', '2023-06-15 13:03:00', '231-PW', 34, 4, 4),
(7, 44, '2023-06-20 07:46:00', NULL, 'O455', 27, 5, NULL),
(8, 45, '2023-06-19 06:38:00', '2023-06-21 11:49:00', 'C-331', 32, 1, 2),
(9, 46, '2023-06-08 23:56:00', '2023-06-19 10:12:00', '531-P', 33, 3, 11),
(10, 47, '2023-06-11 18:01:00', '2023-06-12 15:33:00', 'E34', 35, 1, 1),
(11, 48, '2023-06-02 09:39:00', NULL, '21-O', 27, 5, NULL);




-- PROGRAMMING PART 1
-- PART 1 (1)(a)
SELECT * FROM Doctor;


-- -- PART 1 (1)(b)
-- Add a new column 'room_number' to the 'Doctor' column
ALTER TABLE Doctor
ADD COLUMN room_number VARCHAR(3);

-- Update the 'room_number' column by extracting the first 3 characters from the 'office' column
UPDATE Doctor
SET room_number = SUBSTRING(office FROM 1 FOR 3);

-- Check the updated table
SELECT * FROM Doctor;


-- PART 1 (1)(c)
-- Add a new column 'building_code' to the 'Doctor' column
ALTER TABLE Doctor
ADD COLUMN building_code CHAR(1);

-- Update the 'building_code' column by extracting the last characters from the 'office' column
UPDATE Doctor
SET building_code = SUBSTRING(office FROM LENGTH(office) FOR 1);

-- Check the updated table
SELECT * FROM Doctor;


-- PART 1 (1)(c)
SELECT * FROM Doctor;


-- PART 1 (3)(a)
-- Check the 'appointment' table
SELECT * FROM appointment;

-- Create a sequence for the 'appointment_id' column
-- Execute the subquery to get the starting value
DO $$ 
DECLARE
  starting_value INT;
BEGIN 
  EXECUTE 'SELECT COALESCE(MAX(appointment_id), 1) FROM appointment' INTO starting_value;
  EXECUTE 'CREATE SEQUENCE appointment_id_seq START WITH ' || starting_value || ' INCREMENT BY 1'; 
END $$;

-- Set the default value for the 'appointment_id' column using the sequence
ALTER TABLE appointment
ALTER COLUMN appointment_id SET DEFAULT nextval('appointment_id_seq');

-- Retrieve information about the sequence
SELECT * FROM information_schema.sequences WHERE sequence_name = 'appointment_id_seq';


-- PART 1 (3)(b)
-- Demonstrate sequence by inserting two new records into the appointment table
-- Check the 'appointment' and 'patient' table to understand the tables
SELECT * FROM appointment;
SELECT * FROM patient;
-- Select an existing patient and inserting an appointment for the patient.
SELECT patient_id FROM patient WHERE patient_id = 10;
INSERT INTO appointment (appointment_type_id, hospital_id, created_at, scheduled_for, patient_concern, patient_vitals_id, 
						 patient_id, doctor_id, lab_id, appointment_status_id)
VALUES ('1', '21', CURRENT_TIMESTAMP, '2023-06-22 11:00:00', 'Follow-up for anorexia treatment', '34', 
		'10', '7', NULL, '4');

-- Check the 'person' table and insert my details in the 'person' table
SELECT * FROM person;
INSERT INTO person(person_id, first_name, last_name, dob, phone, email, sex_id, marital_status_id, ethnicity_id, nationality_id)
VALUES ('121', 'Amazing', 'Ekeh', '1996-06-13', '617-222-2222', 'amazinge@bu.edu', '2', '1', '1', '1');
-- Check if my record was successfully inserted
SELECT * FROM person;

-- Inserting myself as a patient
INSERT INTO patient(patient_id, person_id, blood_type_id)
VALUES ('54', '121', '1');
-- Check if my record was successfully inserted
SELECT * FROM patient;

-- Inserting an appointment for myself
SELECT patient_id FROM patient WHERE patient_id = 54;
INSERT INTO appointment (appointment_type_id, hospital_id, created_at, scheduled_for, patient_concern, patient_vitals_id, 
						 patient_id, doctor_id, lab_id, appointment_status_id)
VALUES ('1', '21', CURRENT_TIMESTAMP, '2023-06-22 14:00:00', 'General check-up', '35', '54', '1', NULL, '4');
-- Check the 'appointment' table to know if the two records were successfully inserted
SELECT * FROM appointment;


-- PART 1 (4)
-- Create the 'doctor_review' table
CREATE TABLE doctor_review (
	review_id SERIAL PRIMARY KEY,
	doctor_id INT,
	patient_id INT,
	review_date DATE DEFAULT CURRENT_DATE NOT NULL,
	rating CHAR(1) CHECK (rating IN ('A', 'B', 'C', 'D', 'E')),
	patient_review TEXT,
	CONSTRAINT fk_doctor_review_doctor FOREIGN KEY (doctor_id) REFERENCES doctor(doctor_id),	
	CONSTRAINT fk_doctor_review_patient FOREIGN KEY (patient_id) REFERENCES patient(patient_id),
	-- To enforce one review per patient per doctor, I will use a composite unique constraint as seen below
	CONSTRAINT uq_patient_doctor_review UNIQUE (doctor_id, patient_id)
);
-- Check the 'doctor_review' table
SELECT * FROM doctor_review;


-- PART 1 (5)(a)
-- Inserting three records according to assignment instructions.
INSERT INTO doctor_review(doctor_id, patient_id, review_date, rating, patient_review)
VALUES 
	('1', '54', CURRENT_DATE, 'A', 'My doctor has great experience and listened to my compliants.'),
	('7', '10', DEFAULT, 'E', 'Doctor seemed unsound and inexperienced.'),
	('6', '31', '2024-01-18', 'C', 'Doctor was okay, but the room smelt damp.');
	
-- Check the 'doctor_review' table
SELECT * FROM doctor_review;

-- PART 1 (5)(b)
-- Create a view accoording to the instructions given.
CREATE VIEW doctor_patient_review_view AS
SELECT
	CONCAT(person_patient.first_name, ' ', person_patient.last_name) AS patient_name,
	CONCAT(person_doctor.first_name, ' ', person_doctor.last_name) AS doctor_name,
	doctor_review.review_date,
	doctor_review.rating,
	doctor_review.patient_review AS comment
FROM
	doctor_review
JOIN patient ON doctor_review.patient_id = patient.patient_id
JOIN person AS person_patient ON patient.person_id = person_patient.person_id
JOIN doctor ON doctor_review.doctor_id = doctor.doctor_id
JOIN employee ON doctor.employee_id = employee.employee_id
JOIN person AS person_doctor ON employee.person_id = person_doctor.person_id;

-- Select the review I added for myself as a patient
SELECT * FROM doctor_patient_review_view WHERE patient_name = 'Amazing Ekeh';


-- PART 1 (5)(c)
-- Inserting a statement that attempts to insert a review violating the rating check constraint.
INSERT INTO doctor_review(doctor_id, patient_id, review_date, rating, patient_review)
VALUES('7', '54', CURRENT_DATE, 'F', 'Doctor was great.');


-- PART 1 (5)(d)
-- Update statement to change a specific patient's review for a specific doctor.
UPDATE doctor_review
SET patient_review = 'The doctor was sound.'
WHERE doctor_id = 7
	AND patient_id = 10;
	
-- Run the view above to verify your results
SELECT * FROM doctor_patient_review_view WHERE patient_name = 'Matthew Harris';


-- PART 1 (5)(e)
-- Delete Statement for a patient's review for a specific doctor.
DELETE FROM doctor_review
WHERE doctor_id = 7
	AND patient_id = 10;
	
-- Run the view above to verify your results
SELECT * FROM doctor_patient_review_view;

-- Run the view above to verify your results
SELECT * FROM doctor_patient_review_view WHERE patient_name = 'Matthew Harris';


-- PART 2 (6)
-- Select statement to list appointment information
SELECT
    -- Extracting date and time separately
    DATE(appointment.scheduled_for) AS appointment_date,
    TO_CHAR(appointment.scheduled_for, 'HH24:MI:SS') AS appointment_time,

    -- Combine patient first and last names
    CONCAT(person_patient.last_name, ', ', person_patient.first_name) AS patient_name,

    -- Hospital name
    hospital.name,

    -- Combine doctor first and last names
    CONCAT(person_doctor.last_name, ', ', person_doctor.first_name) AS doctor_name,

    -- MCV value from blood_test (accounting for appointments without lab tests)
    COALESCE(lab.blood_test_id, NULL) AS mcv_value,

    -- Patient concern from appointment
    appointment.patient_concern

FROM
    appointment

-- Joining patient-related tables
JOIN patient ON appointment.patient_id = patient.patient_id
JOIN person AS person_patient ON patient.person_id = person_patient.person_id

-- Joining doctor-related tables
JOIN doctor ON appointment.doctor_id = doctor.doctor_id
JOIN employee ON doctor.employee_id = employee.employee_id
JOIN person AS person_doctor ON employee.person_id = person_doctor.person_id

-- Joining hospital
JOIN hospital ON appointment.hospital_id = hospital.hospital_id

-- Left joining lab and blood_test (not every appointment has a lab)
LEFT JOIN lab ON appointment.lab_id = lab.lab_id
LEFT JOIN blood_test ON lab.blood_test_id = blood_test.blood_test_id

-- Filtering by appointment type description
WHERE appointment.appointment_type_id IN (
    SELECT appointment_type_id
    FROM appointment_type
    WHERE patient_concern = 'General check-up'
)

-- Sorting by appointment date and time, and then patient name
ORDER BY appointment.scheduled_for, patient_name;


-- PART 1 (7)
-- Let us first identify appointments that do not have a related prescription
SELECT
    appointment.appointment_id,
    appointment.scheduled_for,
    CONCAT(person.first_name, ' ', person.last_name) AS patient_name,
    doctor.office AS doctor_office,
    hospital.name,
    diagnosis.diagnosis
FROM
    appointment
JOIN patient ON appointment.patient_id = patient.patient_id
JOIN doctor ON appointment.doctor_id = doctor.doctor_id
LEFT JOIN appointment_prescription ON appointment.appointment_id = appointment_prescription.appointment_id
LEFT JOIN prescription ON appointment_prescription.prescription_id = prescription.prescription_id
LEFT JOIN medicine ON prescription.medicine_id = medicine.medicine_id
LEFT JOIN diagnosis ON medicine.diagnosis_code = diagnosis.diagnosis_code
LEFT JOIN hospital ON appointment.hospital_id = hospital.hospital_id
JOIN person ON patient.person_id = person.person_id  -- Linking patient to person for full name
WHERE
appointment_prescription.appointment_id IS NULL;

-- Add test data for an appointment with a prescription
INSERT INTO appointment_prescription (appointment_id, prescription_id)
VALUES ('603', '31');

-- Re-run the first query to see the updated results, including the test data    SELECT
    appointment.appointment_id,
    appointment.scheduled_for,
    CONCAT(person.first_name, ' ', person.last_name) AS patient_name,
    doctor.office AS doctor_office,
    hospital.name,
    diagnosis.diagnosis
FROM
    appointment
JOIN patient ON appointment.patient_id = patient.patient_id
JOIN doctor ON appointment.doctor_id = doctor.doctor_id
LEFT JOIN appointment_prescription ON appointment.appointment_id = appointment_prescription.appointment_id
LEFT JOIN prescription ON appointment_prescription.prescription_id = prescription.prescription_id
LEFT JOIN medicine ON prescription.medicine_id = medicine.medicine_id
LEFT JOIN diagnosis ON medicine.diagnosis_code = diagnosis.diagnosis_code
LEFT JOIN hospital ON appointment.hospital_id = hospital.hospital_id
JOIN person ON patient.person_id = person.person_id  -- Linking patient to person for full name
WHERE
    appointment_prescription.appointment_id IS NULL;
	
	
-- PART 3 (8)
SELECT
    employee.employee_id,
    person.first_name,
    person.last_name,
    department.name,
    hospital.name,
    COUNT(blood_test.blood_test_id) AS blood_tests_count
FROM
    employee
JOIN person ON employee.person_id = person.person_id
JOIN department ON employee.department_id = department.department_id
JOIN hospital ON department.hospital_id = hospital.hospital_id
JOIN blood_test ON employee.employee_id = blood_test.employee_id
GROUP BY
    employee.employee_id,
    person.first_name,
    person.last_name,
    department.name,
    hospital.name
HAVING
    COUNT(blood_test.blood_test_id) >= 5;
	
-- PART 3 (9)
SELECT
    CONCAT(person.last_name, ', ', person.first_name) AS doctor_name,
    appointment.appointment_type_id,
    EXTRACT(MONTH FROM appointment.scheduled_for) AS appointment_month,
    COUNT(appointment.appointment_id) AS total_appointments
FROM
    doctor
JOIN employee ON doctor.employee_id = employee.employee_id
JOIN person ON employee.person_id = person.person_id
JOIN appointment ON doctor.doctor_id = appointment.doctor_id
GROUP BY
    doctor.doctor_id,
    person.last_name,
    person.first_name,
    appointment.appointment_type_id,
    EXTRACT(MONTH FROM appointment.scheduled_for)
ORDER BY
    doctor.doctor_id,
    appointment_month,
    appointment.appointment_type_id;
	
	
-- PART 4 (10)
SELECT
    person.marital_status_id,
    person.ethnicity_id,
    COUNT(appointment.appointment_id) AS total_appointments
FROM
    person
JOIN patient ON person.person_id = patient.person_id
JOIN appointment ON patient.patient_id = appointment.patient_id
GROUP BY
ROLLUP(person.marital_status_id, person.ethnicity_id);

-- PART 4 (11)
WITH age_groups AS (
    SELECT
        patient.patient_id,
        CASE
            WHEN EXTRACT(YEAR FROM AGE(current_date, TO_DATE(person.dob, 'YYYY-MM-DD'))) <= 17 THEN 'Child'
            WHEN EXTRACT(YEAR FROM AGE(current_date, TO_DATE(person.dob, 'YYYY-MM-DD'))) BETWEEN 18 AND 59 THEN 'Adult'
            ELSE 'Senior'
        END AS age_group,
        lab.urinalysis_id
    FROM
        patient
    JOIN person ON patient.person_id = person.person_id
    JOIN appointment ON patient.patient_id = appointment.patient_id
    JOIN lab ON appointment.lab_id = lab.lab_id
    WHERE
        lab.urinalysis_id IS NOT NULL
)

SELECT
    age_group,
    RANK() OVER (ORDER BY AVG(urinalysis_id) DESC) AS rank,
    DENSE_RANK() OVER (ORDER BY AVG(urinalysis_id) DESC) AS dense_rank,
    COUNT(patient_id) AS patient_count
FROM
    age_groups
GROUP BY
    age_group
ORDER BY
rank;


-- PART 5 (12)
WITH HospitalAvgCharges AS (
    SELECT
        hospital.name AS hospital_name,
        hospital.address_id,
        AVG(bill.operation_charge) AS avg_operation_charge
    FROM
        hospital
    JOIN appointment ON hospital.hospital_id = appointment.hospital_id
    JOIN bill ON appointment.appointment_id = bill.appointment_id
    GROUP BY
        hospital.name, hospital.address_id
)

SELECT
    hospital_name,
    address_id,
    avg_operation_charge
FROM
    HospitalAvgCharges
ORDER BY
    avg_operation_charge DESC
LIMIT 3;


-- PART 5 (13)
SELECT
    s.supplier_id,
    s.name AS supplier_name,
    m1.name AS expensive_drug1,
    m1.manufacturer_id AS manufacturer_id_expensive_drug1,
    m2.name AS expensive_drug2,
    m2.manufacturer_id AS manufacturer_id_expensive_drug2
FROM
    supplier s
JOIN (
    SELECT
        m.supplier_id,
        m.name,
        m.manufacturer_id,
        ROW_NUMBER() OVER (PARTITION BY m.supplier_id ORDER BY m.price DESC) AS row_num
    FROM
        medicine m
) m1 ON s.supplier_id = m1.supplier_id AND m1.row_num = 1
LEFT JOIN (
    SELECT
        m.supplier_id,
        m.name,
        m.manufacturer_id,
        ROW_NUMBER() OVER (PARTITION BY m.supplier_id ORDER BY m.price DESC) AS row_num
    FROM
        medicine m
) m2 ON s.supplier_id = m2.supplier_id AND m2.row_num = 2;




-- PROGRAMMING PART 2
-- PROBELM 1
-- Check the appointment table 
SELECT * FROM appointment;
-- Creating an 'appointment history' table.
CREATE TABLE appointment_history(
	appointment_history_id SERIAL PRIMARY KEY,
	appointment_id INT REFERENCES appointment(appointment_id),
	appointment_type_id INT REFERENCES appointment_type(appointment_type_id), -- should this be referencing foreign key in appointment table?
    hospital_id INT REFERENCES hospital(hospital_id),
	created_at TIMESTAMP REFERENCES appointment(created_at),
    scheduled_for TIMESTAMP  REFERENCES appointment(scheduled_for), 
    patient_concern TEXT  REFERENCES appointment(patient_concern),
    patient_vitals_id INT  REFERENCES patient_vitals(patient_vitals_id),
    patient_id INT REFERENCES patient(patient_id),
    doctor_id INT REFERENCES doctor(doctor_id),
    lab_id INT REFERENCES lab(appointment_id),
    appointment_status_id INT  REFERENCES appointment_status(appointment_status_id),
	change_type TEXT, -- this stores the type of chnage that occurred during operations, whether "update", "insert", or "delete".
	change_timestamp TIMESTAMP DEFAULT CURRENT_TIMESTAMP
);
	
	








-- Implement trigger function to handle insertion into the appointment_history
CREATE OR REPLACE FUNCTION insert_appointment_history()
RETURN TRIGGER AS $$
BEGIN
	INSERT INTO appointment_history (
		appointment_id, appointment_type_id, hospital_id, created_at, scheduled_for, patient_concern, 
		patient_vitals_id, patient_id, doctor_id, lab_id, appointment_status_id, change_type, 
		change_timestamp 
	)
	VALUES (NEW.appointment_id, NEW.appointment_type_id, NEW.hospital_id, NEW.created_at, NEW.scheduled_for, NEW.patient_concern, 
		NEW.patient_vitals_id, NEW.patient_id, NEW.doctor_id, NEW.lab_id, NEW.appointment_status_id, 'Insert', 
		NOW()
	);
	RETURN NEW ;
END;
$$ LANGUAGE plpgsql;

-- Trigger for handling insertions into appointment_history
CREATE TRIGGER trigger_insert_appointment_history
AFTER INSERT ON appointment
FOR EACH ROW
EXECUTE FUNCTION insert_appointment_history();

-- Implement another trigger function to handle updates and audit
CREATE OR REPLACE FUNCTION update_appointment_history()
RETURNS TRIGGER AS $$
BEGIN
	
	###########

-- Implement trigger for the updates in the appointment history
CREATE TRIGGER trigger_update_appointment_history
AFTER UPDATE ON appointment
FOR EACH ROW
EXECUTE FUNCTION update_appointment_history

-- To prevent anyone from erasing anything, we would create a rule to prevent deletion from the appointment_history table
CREATE RULE prevent_deletion_appointment_history AS
	ON DELETE TO appointment_history
	DO INSTEAD NOTHING;

select * from appointment;










-- PROBLEM 1 (b)
-- history table DDL
CREATE TABLE appointment_history(
	appointment_history_id SERIAL PRIMARY KEY,
	appointment_id INT REFERENCES appointment(appointment_id),
	appointment_type_id INT REFERENCES appointment_type(appointment_type_id),
    hospital_id INT REFERENCES hospital(hospital_id),
	created_at TIMESTAMP, 
    scheduled_for TIMESTAMP, 
    patient_concern CHAR(255), 
    patient_vitals_id INT REFERENCES patient_vitals(patient_vitals_id),
    patient_id INT REFERENCES patient(patient_id),
    doctor_id INT REFERENCES doctor(doctor_id),
    lab_id INT REFERENCES lab(lab_id),
    appointment_status_id INT REFERENCES appointment_status(appointment_status_id),
	hospital_name CHAR(255), -- denormalized column
	change_type TEXT, -- this stores the type of change that occurred during operations, whether "update", "insert", or "delete".
	change_timestamp TIMESTAMP DEFAULT CURRENT_TIMESTAMP
);
-- Check if the 'appointment_history' table was successfully created
SELECT * FROM appointment_history;

-- Initial population of the 'appointment_history' table
INSERT INTO appointment_history (
    appointment_id,
    appointment_type_id,
    hospital_id,
    created_at,
    scheduled_for,
    patient_concern,
    patient_vitals_id,
    patient_id,
    doctor_id,
    lab_id,
    appointment_status_id,
    hospital_name,
    change_type,
    change_timestamp
)
SELECT
    a.appointment_id,
    a.appointment_type_id,
    a.hospital_id,
    a.created_at,
    a.scheduled_for,
    a.patient_concern,
    a.patient_vitals_id,
    a.patient_id,
    a.doctor_id,
    a.lab_id,
    a.appointment_status_id,
    h.name,
    'Initial Insert', -- Since this is the initial insertion
    NOW() -- Change timestamp for the initial insert
FROM
    appointment a
    LEFT JOIN hospital h ON a.hospital_id = h.hospital_id;

-- DROP TABLE appointment_history;

-- Check to see if the table has now been populated.
SELECT * FROM appointment_history;


-- PROBLEM 2 (a)
-- Implement a trigger that prevents deletion from the appointment_history table using error handling logic
-- Create the trigger function
CREATE OR REPLACE FUNCTION prevent_deletion_appointment_history()
RETURNS TRIGGER AS $$
BEGIN
	RAISE EXCEPTION 'Deletions are prohibited in the appointment_history table.';
END;
$$ LANGUAGE plpgsql;

-- Trigger to prevent deletion from the appointment_history table
CREATE TRIGGER trigger_prevent_deletion_appointment_history
BEFORE DELETE ON appointment_history
FOR EACH ROW
EXECUTE FUNCTION prevent_deletion_appointment_history();

-- DROP TRIGGER IF EXISTS trigger_prevent_deletion_appointment_history ON appointment_history;
-- DROP FUNCTION IF EXISTS prevent_deletion_appointment_history;


-- PROBLEM 2 (b)
-- Test case: demonstrate that you cant delete a record from the history table
DELETE FROM appointment_history WHERE appointment_history_id = 2;



-- PROBLEM 3 (a)
-- Implement a trigger that maintains the appointment based on the transactions made to the appointment table.   
-- To consider insert, update and delete transactions
-- To keep track of updates, I will create a an appointment_audit table
-- Implement appointment_audit table for update history
CREATE TABLE appointment_audit (
	appointment_audit_id SERIAL PRIMARY KEY,
	appointment_id INT REFERENCES appointment(appointment_id),
	modified_column_name TEXT,
	old_value TEXT,
	new_value TEXT,
	change_date_time TIMESTAMP DEFAULT CURRENT_TIMESTAMP
);
-- DROP TABLE appointment_audit;

-- Create trigger function to handle insertions, deletions, and updates
CREATE OR REPLACE FUNCTION modify_appointment_history()
RETURNS TRIGGER AS $$
BEGIN
	IF TG_OP = 'INSERT' OR TG_OP = 'DELETE' THEN
		INSERT INTO appointment_history (
			appointment_id,
    		appointment_type_id,
			hospital_id,
			created_at,
			scheduled_for,
			patient_concern,
			patient_vitals_id,
			patient_id,
			doctor_id,
			lab_id,
			appointment_status_id,
			hospital_name,
			change_type,
			change_timestamp
		)
		VALUES (
			NEW.appointment_id,
    		NEW.appointment_type_id,
			NEW.hospital_id,
			NEW.created_at,
			NEW.scheduled_for,
			NEW.patient_concern,
			NEW.patient_vitals_id,
			NEW.patient_id,
			NEW.doctor_id,
			NEW.lab_id,
			NEW.appointment_status_id,
			(SELECT h.name FROM hospital h WHERE hospital_id = NEW.hospital_id),
			CASE 
				WHEN TG_OP = 'INSERT' THEN 'Insert'
				WHEN TG_OP = 'DELETE' THEN 'Delete'
			END,
			NOW()
		);
	
	-- To update into the appointment_history table
	ELSEIF TG_OP = 'UPDATE' THEN
        IF NEW.appointment_type_id IS DISTINCT FROM OLD.appointment_type_id THEN
            INSERT INTO appointment_audit (appointment_id, modified_column_name, old_value, new_value, change_date_time)
            VALUES (NEW.appointment_id, 'appointment_type_id', OLD.appointment_type_id::TEXT, NEW.appointment_type_id::TEXT, NOW());
        END IF;

        IF NEW.hospital_id IS DISTINCT FROM OLD.hospital_id THEN
            INSERT INTO appointment_audit (appointment_id, modified_column_name, old_value, new_value, change_date_time)
            VALUES (NEW.appointment_id, 'hospital_id', OLD.hospital_id::TEXT, NEW.hospital_id::TEXT, NOW());
        END IF;

        IF NEW.created_at IS DISTINCT FROM OLD.created_at THEN
            INSERT INTO appointment_audit (appointment_id, modified_column_name, old_value, new_value, change_date_time)
            VALUES (NEW.appointment_id, 'created_at', OLD.created_at::TEXT, NEW.created_at::TEXT, NOW());
        END IF;

        IF NEW.scheduled_for IS DISTINCT FROM OLD.scheduled_for THEN
            INSERT INTO appointment_audit (appointment_id, modified_column_name, old_value, new_value, change_date_time)
            VALUES (NEW.appointment_id, 'scheduled_for', OLD.scheduled_for::TEXT, NEW.scheduled_for::TEXT, NOW());
        END IF;
		
		IF NEW.patient_concern IS DISTINCT FROM OLD.patient_concern THEN
            INSERT INTO appointment_audit (appointment_id, modified_column_name, old_value, new_value, change_date_time)
            VALUES (NEW.appointment_id, 'patient_concern', OLD.patient_concern::TEXT, NEW.patient_concern::TEXT, NOW());
        END IF;
		
		IF NEW.patient_vitals_id IS DISTINCT FROM OLD.patient_vitals_id THEN
            INSERT INTO appointment_audit (appointment_id, modified_column_name, old_value, new_value, change_date_time)
            VALUES (NEW.appointment_id, 'patient_vitals_id', OLD.patient_vitals_id::TEXT, NEW.patient_vitals_id::TEXT, NOW());
        END IF;
		
		IF NEW.patient_id IS DISTINCT FROM OLD.patient_id THEN
            INSERT INTO appointment_audit (appointment_id, modified_column_name, old_value, new_value, change_date_time)
            VALUES (NEW.appointment_id, 'patient_id', OLD.patient_id::TEXT, NEW.patient_id::TEXT, NOW());
        END IF;
		
		IF NEW.doctor_id IS DISTINCT FROM OLD.doctor_id THEN
            INSERT INTO appointment_audit (appointment_id, modified_column_name, old_value, new_value, change_date_time)
            VALUES (NEW.appointment_id, 'doctor_id', OLD.doctor_id::TEXT, NEW.doctor_id::TEXT, NOW());
        END IF;
		
		IF NEW.lab_id IS DISTINCT FROM OLD.lab_id THEN
            INSERT INTO appointment_audit (appointment_id, modified_column_name, old_value, new_value, change_date_time)
            VALUES (NEW.appointment_id, 'lab_id', OLD.lab_id::TEXT, NEW.lab_id::TEXT, NOW());
        END IF;
		
		IF NEW.appointment_status_id IS DISTINCT FROM OLD.appointment_status_id THEN
            INSERT INTO appointment_audit (appointment_id, modified_column_name, old_value, new_value, change_date_time)
            VALUES (NEW.appointment_id, 'appointment_status_id', OLD.appointment_status_id::TEXT, NEW.appointment_status_id::TEXT, NOW());
        END IF;
		
	END IF;
	
	RETURN NEW;
END;
$$ LANGUAGE plpgsql;

-- Create triggers for insertions, deletions, and updates
CREATE TRIGGER trigger_modify_appointment_history
AFTER INSERT OR DELETE OR UPDATE ON appointment
FOR EACH ROW
EXECUTE FUNCTION modify_appointment_history();

-- DROP TRIGGER IF EXISTS trigger_modify_appointment_history ON appointment;
-- DROP FUNCTION IF EXISTS modify_appointment_history;
-- DROP TABLE appointment_audit;

-- Show what the history looks like before each of the following test operations.
SELECT * FROM appointment_history;
SELECT * FROM appointment_audit;


-- Demonstrate an insert
INSERT INTO appointment (appointment_type_id, hospital_id, created_at, scheduled_for, patient_concern, patient_vitals_id, 
						 patient_id, doctor_id, lab_id, appointment_status_id)
VALUES ('2', '21', CURRENT_TIMESTAMP, '2024-06-22 12:00:00', 'Follow-up on sprained ankle. ', '34', '54', '1', NULL, '1');
-- Check if the insertion was successful
SELECT * FROM appointment;

-- Test case for insertion
SELECT 
	ah.*,
	p.first_name, 
	p.last_name
FROM appointment_history ah
LEFT JOIN patient pa ON ah.patient_id = pa.patient_id
LEFT JOIN person p ON pa.person_id = p.person_id
WHERE ah.patient_id = 54;

Select * from patient;


-- Test case to demonstrate an update
UPDATE appointment
SET patient_concern = 'Eye examination'
WHERE appointment_id = 603;
-- Check if this update is reflected in the 'appointment_audit' table.
SELECT * FROM appointment_audit;


-- Test case to demonstrate a deletion
DELETE FROM appointment
WHERE appointment_id = 604
	AND patient_concern = 'General check-up';

-- PROBLEM 4 (a)
-- Implement a user defined function which checks if the doctor is working at a specific hospital 
-- Query to identify the hospital associated with a specific doctor
SELECT hospital.name
FROM doctor
JOIN employee ON doctor.employee_id = employee.employee_id
JOIN department ON employee.department_id = department.department_id
JOIN hospital ON department.hospital_id = hospital.hospital_id
WHERE doctor.doctor_id = 6;
--Check to see what the 'hospital_id' for 'Pine Crest Medical Center' is
SELECT hospital_id
FROM hospital h
WHERE h.name = 'Pine Crest Medical Center';

-- Create the user-defined function
CREATE OR REPLACE FUNCTION doctor_hospital_input_parameter_match(doctor_id_param INTEGER, hospital_id_param INTEGER)
RETURNS BOOLEAN AS $$
DECLARE
    matched_hospital_id INTEGER;
    v_doctor_id INTEGER;
BEGIN
    -- Assign the parameter value to a local variable
    v_doctor_id := doctor_id_param;

    -- Check if the doctor is associated with the provided hospital
    SELECT department.hospital_id
    INTO matched_hospital_id
    FROM doctor
    JOIN employee ON doctor.employee_id = employee.employee_id
    JOIN department ON employee.department_id = department.department_id
    WHERE doctor.doctor_id = v_doctor_id;

    -- Return true (1) if there's a match, false (0) otherwise
    RETURN COALESCE(matched_hospital_id = hospital_id_param, FALSE);
END;
$$ LANGUAGE plpgsql;

-- DROP FUNCTION IF EXISTS doctor_hospital_input_parameter_match;
-- Let's try to use the function
SELECT doctor_hospital_input_parameter_match (6, 25);

-- PROBLEM 4 (b)
-- Run a query (b) to show the data.
-- This query shows the relationships between doctors, employees, and departments
SELECT 
    d.doctor_id,
    p.first_name || ' ' || p.last_name AS doctor_name,
    e.employee_id,
    p.first_name || ' ' || p.last_name AS employee_name,
    dep.department_id,
    dep.hospital_id
FROM 
    doctor d
JOIN 
    employee e ON d.employee_id = e.employee_id
JOIN 
    department dep ON e.department_id = dep.department_id
JOIN 
    person p ON e.person_id = p.person_id;

-- Test a doctor and hospital combo that matches
SELECT doctor_hospital_input_parameter_match(11, 22);

-- Test a doctor and hospital combo that does not match
SELECT doctor_hospital_input_parameter_match(13, 25);


-- PROBLEM 5 (a)
-- Firstly, generate a series of hourly time slots for the specified day
SELECT generate_series('2024-03-07'::date, '2024-03-07'::date + INTERVAL '1 day' * 5, INTERVAL '1 hour') AS time_slots;

-- Query to filter out weekends and non-working hours
SELECT * 
FROM generate_series('2024-03-07'::date, '2024-03-07'::date + INTERVAL '1 day' * 5, INTERVAL '1 hour') AS time_slots
WHERE EXTRACT(ISODOW FROM time_slots) < 6 and EXTRACT(HOUR FROM time_slots) >= 9 AND EXTRACT(HOUR FROM time_slots) <= 16;

-- Then check for existing appointments
SELECT time_slots, appointment.scheduled_for
FROM generate_series('2024-03-07'::date, '2024-03-07'::date + INTERVAL '1 day' * 5, INTERVAL '1 hour') AS time_slots
LEFT JOIN appointment ON time_slots = DATE_TRUNC('hour', scheduled_for) AND doctor_id = 11;

-- Identify the first available time slot
SELECT time_slots
FROM generate_series('2024-03-07'::date, '2024-03-07'::date + INTERVAL '1 day' * 5, INTERVAL '1 hour') AS time_slots
LEFT JOIN appointment ON time_slots = DATE_TRUNC('hour', scheduled_for) AND doctor_id = 11
WHERE EXTRACT(ISODOW FROM time_slots) < 6 AND EXTRACT(HOUR FROM time_slots) >= 9 AND EXTRACT(HOUR FROM time_slots) <= 16
  AND appointment.appointment_id IS NULL
ORDER BY time_slots
LIMIT 1;

-- Code to create function from the logic above
-- Create a user-defined function to find the next available time slot
CREATE OR REPLACE FUNCTION find_next_available_time_slot(doctor_id_param INTEGER, specified_date TIMESTAMP)
RETURNS TIMESTAMP AS $$
DECLARE
    next_available_slot TIMESTAMP;
BEGIN
    -- Calculate the next available slot based on the specified date and doctor's schedule
    SELECT 
        COALESCE(MIN(avail_slot), specified_date + INTERVAL '9 hours') INTO next_available_slot
    FROM (
        SELECT 
            time_slots + INTERVAL '1 hour' AS avail_slot
        FROM 
            generate_series(specified_date::date, specified_date::date + INTERVAL '1 day' * 5, INTERVAL '1 hour') AS time_slots
        WHERE 
            EXTRACT(ISODOW FROM time_slots) < 6
            AND EXTRACT(HOUR FROM time_slots) >= 9 
            AND EXTRACT(HOUR FROM time_slots) <= 16
            AND NOT EXISTS (
                SELECT 1
                FROM appointment a
                WHERE DATE_TRUNC('hour', a.scheduled_for) = time_slots
                AND a.doctor_id = doctor_id_param
            )
    ) AS available_slots
    LIMIT 1;

    RETURN next_available_slot;
END;
$$ LANGUAGE plpgsql;

-- DROP FUNCTION IF EXISTS find_next_available_time_slot;

-- Test the function with doctor_id = 11 and specified date = '2024-03-07 13:30:00'
SELECT find_next_available_time_slot(11, '2024-03-07 13:30:00') AS next_available_slot;


---- PROBLEM 5 (c)
-- Test cases
-- Current Appointments for "Amazing Ekeh":
SELECT a.*, p.first_name || ' ' || p.last_name AS patient_name, p.first_name || ' ' || p.last_name AS doctor_name
FROM appointment a
JOIN patient pa ON a.patient_id = pa.patient_id
JOIN person p ON pa.person_id = p.person_id
JOIN doctor d ON a.doctor_id = d.doctor_id
WHERE p.first_name = 'Amazing' AND p.last_name = 'Ekeh'
ORDER BY a.scheduled_for;

SELEct * from appointment where doctor_id = 1;

SELEct * from doctor;
SELEct * from employee;
SELEct * from person;

-- Test Case: Requested Time Slot is Available
SELECT find_next_available_time_slot(
    (SELECT doctor_id
     FROM doctor
     JOIN employee ON doctor.employee_id = employee.employee_id
     JOIN person ON employee.person_id = person.person_id
     WHERE person.first_name = 'Matthew' AND person.last_name = 'Wilson' 
	 LIMIT 1),
    '2024-03-07 10:00:00'
) AS next_available_slot;


-- Test Case: Requested Time Slot is Taken, Next Time Offered
-- Assuming there's already an appointment for Dr. Matthew Wilson on '2023-04-26 12:15:00'
-- This will find the next available time slot for Dr. Johnson after '2023-04-26 12:15:00'
SELECT find_next_available_time_slot(
    (SELECT doctor_id
     FROM doctor
     JOIN employee ON doctor.employee_id = employee.employee_id
     JOIN person ON employee.person_id = person.person_id
     WHERE person.first_name = 'Matthew' AND person.last_name = 'Wilson' 
	 LIMIT 1),
    '2023-04-26 12:15:00'
) AS next_available_slot_after_taken;

-- Test Case: Requested Day is Not Available, Suggest Next Day
-- Assuming all slots for '2024-03-08' are taken
-- This will suggest the next available slot for Dr. Johnson on '2024-03-09'
SELECT find_next_available_time_slot(
    (SELECT doctor_id
     FROM doctor
     JOIN employee ON doctor.employee_id = employee.employee_id
     JOIN person ON employee.person_id = person.person_id
     WHERE person.first_name = 'Matthew' AND person.last_name = 'Wilson' 
	 LIMIT 1),
    '2023-06-21 15:45:00'
) AS next_available_slot;

-- PROBLEM 6
-- Create a stored procedure to insert records into the appointment table
CREATE OR REPLACE PROCEDURE insert_appointment(
    appointment_type_id INT, hospital_id INT, scheduled_for TIMESTAMP, 
	patient_concern TEXT, patient_vitals_id INT, patient_id INT, doctor_id INT, lab_id INT, appointment_status_id INT
)
LANGUAGE PLpgSQL
AS $$
BEGIN
	INSERT INTO appointment (appointment_type_id, hospital_id, created_at, scheduled_for, patient_concern, patient_vitals_id, 
						 patient_id, doctor_id, lab_id, appointment_status_id)
	VALUES (appointment_type_id, hospital_id, CURRENT_TIMESTAMP, scheduled_for, patient_concern, patient_vitals_id, 
						 patient_id, doctor_id, lab_id, appointment_status_id);
END;
$$;


DROP PROCEDURE IF EXISTS insert_appointment;

-- Example call to the stored procedure
CALL insert_appointment(
	3, 25, '2024-06-25 10:00:00'::TIMESTAMP, 'Follow-up after routine check-up', 34, 54, 1, NULL, 4);
-- Check if the insertion was successful
SELECT * FROM appointment WHERE patient_concern = 'Follow-up after routine check-up';


-- PROBLEM 7 
-- Created two new functions to help or support in the creation of the updated stored procedure
-- Created the 'is_patient_registered' function
CREATE OR REPLACE FUNCTION is_patient_registered(patient_id_param INTEGER)
RETURNS BOOLEAN AS $$
BEGIN
    RETURN EXISTS (SELECT 1 FROM patient WHERE patient_id = patient_id_param);
END;
$$ LANGUAGE plpgsql;

-- Created the 'get_default_appointment_status' function
CREATE OR REPLACE FUNCTION get_default_appointment_status()
RETURNS INTEGER AS $$
BEGIN
    -- You can return a specific appointment status ID here
    RETURN 1;  -- Adjust the value based on your actual appointment status IDs
END;
$$ LANGUAGE plpgsql;


-- Updated stored procedure
CREATE OR REPLACE PROCEDURE create_patient_appointment(
    IN patient_id_param INT,
    IN specified_date_param TIMESTAMP,
    IN patient_concern_param TEXT,
    IN appointment_type_id_param INT,
    IN hospital_id_param INT,
    IN doctor_id_param INT
)
LANGUAGE PLpgSQL
AS $$
DECLARE
    available_slot TIMESTAMP;
BEGIN
    -- Check if the patient exists in the system
    IF NOT is_patient_registered(patient_id_param) THEN
        RAISE EXCEPTION 'Please register with the hospital network before booking appointments.';
    END IF;

    -- Check if the desired time is available
	available_slot := find_next_available_time_slot(doctor_id_param, specified_date_param);
	IF available_slot IS NULL OR available_slot = specified_date_param THEN
    	RAISE EXCEPTION 'Time slot not available. Please select another time.';
	END IF;


    -- Check if the doctor works at the selected hospital
    IF NOT doctor_hospital_input_parameter_match(doctor_id_param, hospital_id_param) THEN
        RAISE EXCEPTION 'The selected doctor does not work at the selected hospital.';
    END IF;

    -- Validate appointment business rules
    IF specified_date_param < CURRENT_TIMESTAMP OR specified_date_param > CURRENT_TIMESTAMP + INTERVAL '3 months' THEN
        RAISE EXCEPTION 'Appointments cannot be made more than 3 months in advance or less than 1 hour in advance.';
    END IF;

    -- Insert the appointment
    INSERT INTO appointment (
        appointment_type_id,
        hospital_id,
        created_at,
        scheduled_for,
        patient_concern,
        patient_vitals_id,
        patient_id,
        doctor_id,
        lab_id,
        appointment_status_id
    )
    VALUES (
        appointment_type_id_param,
        hospital_id_param,
        CURRENT_TIMESTAMP,  -- Auto-fill the created at date and time
        specified_date_param,
        patient_concern_param,
        NULL,  -- Auto-fill NULL for patient_vitals_id
        patient_id_param,
        doctor_id_param,
        NULL,  -- Auto-fill NULL for lab_id
        get_default_appointment_status()  -- Assign a relevant status
    );
END;
$$;

-- Valid Appointment Creation for my person:
CALL create_patient_appointment(
    (SELECT patient_id FROM patient WHERE person_id = (SELECT person_id FROM person WHERE first_name = 'Amazing' AND last_name = 'Ekeh')),
    CURRENT_TIMESTAMP + INTERVAL '1 day',  -- Schedule for a valid time (more than 1 hour in advance)
    'General Check-up',
    2,  -- appointment_type_id
    21,  -- hospital_id
    7   -- doctor_id
);

-- Test case
-- Create variables with necessary values
DO $$ 
DECLARE 
    patient_id_var INT;
    specified_date_var TIMESTAMP;
    patient_concern_var TEXT;
    appointment_type_id_var INT;
    hospital_id_var INT;
    doctor_id_var INT;
BEGIN
    -- Assign values for test cases
    patient_id_var := (SELECT patient_id FROM patient WHERE person_id = (SELECT person_id FROM person WHERE first_name = 'Amazing' AND last_name = 'Ekeh'));
    specified_date_var := CURRENT_TIMESTAMP + INTERVAL '1 day';  -- Schedule for a valid time (more than 1 hour in advance)
    patient_concern_var := 'General Checkup';
    appointment_type_id_var := 2;  -- appointment_type_id
    hospital_id_var := 21;  -- hospital_id
    doctor_id_var := 7;  -- actual doctor_id

    -- Test Case 1: Valid Appointment Creation for Specific Patient (Yourself)
    CALL create_patient_appointment(
        patient_id_var,
        specified_date_var,
        patient_concern_var,
        appointment_type_id_var,
        hospital_id_var,
        doctor_id_var
    );

    -- Test Case 2: Verify Appointment for Yourself in the Database
    PERFORM
        appointment.appointment_id,
        appointment.appointment_type_id,
        appointment.hospital_id,
        appointment.created_at,
        appointment.scheduled_for,
        appointment.patient_concern,
        appointment.patient_vitals_id,
        appointment.patient_id,
        appointment.doctor_id,
        appointment.lab_id,
        appointment.appointment_status_id,
        person.first_name AS patient_fname,
        person.last_name AS patient_lname
    FROM
        appointment
    JOIN
        patient ON appointment.patient_id = patient.patient_id
    JOIN
        person ON patient.person_id = person.person_id
    WHERE
        person.first_name = 'Amazing' AND person.last_name = 'Ekeh';
END $$;


SELECT * from appointment where patient_id = 54;




SELECT EXISTS (
   SELECT 1
   FROM pg_proc
   WHERE proname = 'find_next_available_time_slot'
);

SELECT * FROM appointment;



SELECT trigger_name
FROM information_schema.triggers
WHERE event_object_table = 'appointment';


SELECT * FROM appointment;
SELECT * FROM appointment_history;


SELECT aa.*,
	p.first_name,
	p.last_name
FROM appointment_audit aa
JOIN
